method,body_mult,atr_mult,fvg_atr_pct,rr_ratio,total_trades,win_count,loss_count,win_rate,avg_win_pct,avg_loss_pct,actual_rr,total_pnl_pct,max_drawdown_pct,expectancy
atr,,1.5,10,5.0,91,24,67,26.37,4.8033,0.998,4.81,48.41,-11.64,0.532
atr,,1.5,10,5.0,91,24,67,26.37,4.8033,0.998,4.81,48.41,-11.64,0.532
atr,,1.5,10,5.0,91,24,67,26.37,4.8033,0.998,4.81,48.41,-11.64,0.532
atr,,1.5,10,5.0,91,24,67,26.37,4.8033,0.998,4.81,48.41,-11.64,0.532
atr,,1.5,30,5.0,75,21,54,28.0,4.9213,1.0574,4.65,46.25,-10.11,0.6166
atr,,1.5,30,5.0,75,21,54,28.0,4.9213,1.0574,4.65,46.25,-10.11,0.6166
atr,,1.5,30,5.0,75,21,54,28.0,4.9213,1.0574,4.65,46.25,-10.11,0.6166
atr,,1.5,30,5.0,75,21,54,28.0,4.9213,1.0574,4.65,46.25,-10.11,0.6166
atr,,1.5,50,5.0,63,18,45,28.57,5.172,1.0514,4.92,45.78,-10.11,0.7267
atr,,1.5,50,5.0,63,18,45,28.57,5.172,1.0514,4.92,45.78,-10.11,0.7267
atr,,1.5,50,5.0,63,18,45,28.57,5.172,1.0514,4.92,45.78,-10.11,0.7267
atr,,1.5,50,5.0,63,18,45,28.57,5.172,1.0514,4.92,45.78,-10.11,0.7267
body,2.0,,10,5.0,186,45,141,24.19,3.6588,0.8603,4.25,43.35,-16.6,0.233
body,2.0,,10,5.0,186,45,141,24.19,3.6588,0.8603,4.25,43.35,-16.6,0.233
body,2.0,,10,5.0,186,45,141,24.19,3.6588,0.8603,4.25,43.35,-16.6,0.233
body,2.0,,10,5.0,186,45,141,24.19,3.6588,0.8603,4.25,43.35,-16.6,0.233
body,3.0,,50,5.0,63,17,46,26.98,5.3791,1.0526,5.11,43.03,-9.75,0.683
body,3.0,,50,5.0,63,17,46,26.98,5.3791,1.0526,5.11,43.03,-9.75,0.683
body,3.0,,50,5.0,63,17,46,26.98,5.3791,1.0526,5.11,43.03,-9.75,0.683
body,3.0,,50,5.0,63,17,46,26.98,5.3791,1.0526,5.11,43.03,-9.75,0.683
atr,,1.5,20,5.0,84,21,63,25.0,4.9213,0.9987,4.93,40.43,-10.42,0.4813
atr,,1.5,20,5.0,84,21,63,25.0,4.9213,0.9987,4.93,40.43,-10.42,0.4813
atr,,1.5,20,5.0,84,21,63,25.0,4.9213,0.9987,4.93,40.43,-10.42,0.4813
atr,,1.5,20,5.0,84,21,63,25.0,4.9213,0.9987,4.93,40.43,-10.42,0.4813
body,3.0,,30,5.0,77,19,58,24.68,5.2209,1.0369,5.03,39.05,-9.75,0.5072
body,3.0,,30,5.0,77,19,58,24.68,5.2209,1.0369,5.03,39.05,-9.75,0.5072
body,3.0,,30,5.0,77,19,58,24.68,5.2209,1.0369,5.03,39.05,-9.75,0.5072
body,3.0,,30,5.0,77,19,58,24.68,5.2209,1.0369,5.03,39.05,-9.75,0.5072
atr,,2.0,10,5.0,44,13,31,29.55,5.6186,1.1082,5.07,38.69,-10.89,0.8793
atr,,2.0,10,5.0,44,13,31,29.55,5.6186,1.1082,5.07,38.69,-10.89,0.8793
atr,,2.0,10,5.0,44,13,31,29.55,5.6186,1.1082,5.07,38.69,-10.89,0.8793
atr,,2.0,10,5.0,44,13,31,29.55,5.6186,1.1082,5.07,38.69,-10.89,0.8793
body,3.0,,10,5.0,98,22,76,22.45,5.0362,0.965,5.22,37.46,-13.62,0.3822
body,3.0,,10,5.0,98,22,76,22.45,5.0362,0.965,5.22,37.46,-13.62,0.3822
body,3.0,,10,5.0,98,22,76,22.45,5.0362,0.965,5.22,37.46,-13.62,0.3822
body,3.0,,10,5.0,98,22,76,22.45,5.0362,0.965,5.22,37.46,-13.62,0.3822
atr,,2.0,50,5.0,34,11,23,32.35,5.7512,1.2232,4.7,35.13,-10.89,1.0332
atr,,2.0,50,5.0,34,11,23,32.35,5.7512,1.2232,4.7,35.13,-10.89,1.0332
atr,,2.0,50,5.0,34,11,23,32.35,5.7512,1.2232,4.7,35.13,-10.89,1.0332
atr,,2.0,50,5.0,34,11,23,32.35,5.7512,1.2232,4.7,35.13,-10.89,1.0332
atr,,1.5,50,4.0,63,20,43,31.75,3.9725,1.0619,3.74,33.79,-10.11,0.5363
atr,,1.5,50,4.0,63,20,43,31.75,3.9725,1.0619,3.74,33.79,-10.11,0.5363
atr,,1.5,50,4.0,63,20,43,31.75,3.9725,1.0619,3.74,33.79,-10.11,0.5363
atr,,1.5,50,4.0,63,20,43,31.75,3.9725,1.0619,3.74,33.79,-10.11,0.5363
body,3.0,,20,5.0,89,20,69,22.47,5.0509,0.9747,5.18,33.76,-11.42,0.3793
body,3.0,,20,5.0,89,20,69,22.47,5.0509,0.9747,5.18,33.76,-11.42,0.3793
body,3.0,,20,5.0,89,20,69,22.47,5.0509,0.9747,5.18,33.76,-11.42,0.3793
body,3.0,,20,5.0,89,20,69,22.47,5.0509,0.9747,5.18,33.76,-11.42,0.3793
atr,,1.5,30,4.0,75,23,52,30.67,3.8077,1.0663,3.57,32.13,-10.11,0.4284
atr,,1.5,30,4.0,75,23,52,30.67,3.8077,1.0663,3.57,32.13,-10.11,0.4284
atr,,1.5,30,4.0,75,23,52,30.67,3.8077,1.0663,3.57,32.13,-10.11,0.4284
atr,,1.5,30,4.0,75,23,52,30.67,3.8077,1.0663,3.57,32.13,-10.11,0.4284
atr,,1.5,10,4.0,91,26,65,28.57,3.7328,1.0033,3.72,31.84,-12.73,0.3499
atr,,1.5,10,4.0,91,26,65,28.57,3.7328,1.0033,3.72,31.84,-12.73,0.3499
atr,,1.5,10,4.0,91,26,65,28.57,3.7328,1.0033,3.72,31.84,-12.73,0.3499
atr,,1.5,10,4.0,91,26,65,28.57,3.7328,1.0033,3.72,31.84,-12.73,0.3499
atr,,1.0,10,5.0,182,40,142,21.98,3.7633,0.837,4.5,31.68,-16.5,0.1741
atr,,1.0,10,5.0,182,40,142,21.98,3.7633,0.837,4.5,31.68,-16.5,0.1741
atr,,1.0,10,5.0,182,40,142,21.98,3.7633,0.837,4.5,31.68,-16.5,0.1741
atr,,1.0,10,5.0,182,40,142,21.98,3.7633,0.837,4.5,31.68,-16.5,0.1741
body,2.0,,20,5.0,161,36,125,22.36,3.8929,0.8688,4.48,31.55,-13.79,0.1959
body,2.0,,20,5.0,161,36,125,22.36,3.8929,0.8688,4.48,31.55,-13.79,0.1959
body,2.0,,20,5.0,161,36,125,22.36,3.8929,0.8688,4.48,31.55,-13.79,0.1959
body,2.0,,20,5.0,161,36,125,22.36,3.8929,0.8688,4.48,31.55,-13.79,0.1959
body,3.0,,50,4.0,63,19,44,30.16,4.1133,1.0629,3.87,31.39,-9.75,0.4982
body,3.0,,50,4.0,63,19,44,30.16,4.1133,1.0629,3.87,31.39,-9.75,0.4982
body,3.0,,50,4.0,63,19,44,30.16,4.1133,1.0629,3.87,31.39,-9.75,0.4982
body,3.0,,50,4.0,63,19,44,30.16,4.1133,1.0629,3.87,31.39,-9.75,0.4982
atr,,2.0,30,5.0,39,11,28,28.21,5.7512,1.1567,4.97,30.87,-10.89,0.7917
atr,,2.0,30,5.0,39,11,28,28.21,5.7512,1.1567,4.97,30.87,-10.89,0.7917
atr,,2.0,30,5.0,39,11,28,28.21,5.7512,1.1567,4.97,30.87,-10.89,0.7917
atr,,2.0,30,5.0,39,11,28,28.21,5.7512,1.1567,4.97,30.87,-10.89,0.7917
atr,,2.0,10,4.0,44,15,29,34.09,4.2351,1.1277,3.76,30.82,-10.01,0.7005
atr,,2.0,10,4.0,44,15,29,34.09,4.2351,1.1277,3.76,30.82,-10.01,0.7005
atr,,2.0,10,4.0,44,15,29,34.09,4.2351,1.1277,3.76,30.82,-10.01,0.7005
atr,,2.0,10,4.0,44,15,29,34.09,4.2351,1.1277,3.76,30.82,-10.01,0.7005
body,2.5,,10,5.0,139,29,110,20.86,4.4545,0.9068,4.91,29.43,-17.97,0.2118
body,2.5,,10,5.0,139,29,110,20.86,4.4545,0.9068,4.91,29.43,-17.97,0.2118
body,2.5,,10,5.0,139,29,110,20.86,4.4545,0.9068,4.91,29.43,-17.97,0.2118
body,2.5,,10,5.0,139,29,110,20.86,4.4545,0.9068,4.91,29.43,-17.97,0.2118
body,3.0,,30,4.0,77,22,55,28.57,3.9541,1.0486,3.77,29.32,-9.75,0.3808
body,3.0,,30,4.0,77,22,55,28.57,3.9541,1.0486,3.77,29.32,-9.75,0.3808
body,3.0,,30,4.0,77,22,55,28.57,3.9541,1.0486,3.77,29.32,-9.75,0.3808
body,3.0,,30,4.0,77,22,55,28.57,3.9541,1.0486,3.77,29.32,-9.75,0.3808
atr,,2.0,50,4.0,34,13,21,38.24,4.2885,1.261,3.4,29.27,-7.47,0.8609
atr,,2.0,50,4.0,34,13,21,38.24,4.2885,1.261,3.4,29.27,-7.47,0.8609
atr,,2.0,50,4.0,34,13,21,38.24,4.2885,1.261,3.4,29.27,-7.47,0.8609
atr,,2.0,50,4.0,34,13,21,38.24,4.2885,1.261,3.4,29.27,-7.47,0.8609
body,2.0,,50,5.0,88,19,69,21.59,5.037,0.9645,5.22,29.15,-12.45,0.3313
body,2.0,,50,5.0,88,19,69,21.59,5.037,0.9645,5.22,29.15,-12.45,0.3313
body,2.0,,50,5.0,88,19,69,21.59,5.037,0.9645,5.22,29.15,-12.45,0.3313
body,2.0,,50,5.0,88,19,69,21.59,5.037,0.9645,5.22,29.15,-12.45,0.3313
body,2.5,,50,5.0,80,17,63,21.25,5.3791,0.9912,5.43,29.0,-12.45,0.3625
body,2.5,,50,5.0,80,17,63,21.25,5.3791,0.9912,5.43,29.0,-12.45,0.3625
body,2.5,,50,5.0,80,17,63,21.25,5.3791,0.9912,5.43,29.0,-12.45,0.3625
body,2.5,,50,5.0,80,17,63,21.25,5.3791,0.9912,5.43,29.0,-12.45,0.3625
atr,,2.0,20,5.0,42,11,31,26.19,5.7512,1.1082,5.19,28.91,-10.89,0.6883
atr,,2.0,20,5.0,42,11,31,26.19,5.7512,1.1082,5.19,28.91,-10.89,0.6883
atr,,2.0,20,5.0,42,11,31,26.19,5.7512,1.1082,5.19,28.91,-10.89,0.6883
atr,,2.0,20,5.0,42,11,31,26.19,5.7512,1.1082,5.19,28.91,-10.89,0.6883
body,2.0,,10,4.0,186,51,135,27.42,2.8485,0.8648,3.29,28.53,-18.49,0.1534
body,2.0,,10,4.0,186,51,135,27.42,2.8485,0.8648,3.29,28.53,-18.49,0.1534
body,2.0,,10,4.0,186,51,135,27.42,2.8485,0.8648,3.29,28.53,-18.49,0.1534
body,2.0,,10,4.0,186,51,135,27.42,2.8485,0.8648,3.29,28.53,-18.49,0.1534
atr,,1.0,50,5.0,91,19,72,20.88,5.037,0.9423,5.35,27.86,-12.74,0.3061
atr,,1.0,50,5.0,91,19,72,20.88,5.037,0.9423,5.35,27.86,-12.74,0.3061
atr,,1.0,50,5.0,91,19,72,20.88,5.037,0.9423,5.35,27.86,-12.74,0.3061
atr,,1.0,50,5.0,91,19,72,20.88,5.037,0.9423,5.35,27.86,-12.74,0.3061
body,1.5,,50,5.0,96,20,76,20.83,4.9148,0.9337,5.26,27.33,-12.74,0.2847
body,1.5,,50,5.0,96,20,76,20.83,4.9148,0.9337,5.26,27.33,-12.74,0.2847
body,1.5,,50,5.0,96,20,76,20.83,4.9148,0.9337,5.26,27.33,-12.74,0.2847
body,1.5,,50,5.0,96,20,76,20.83,4.9148,0.9337,5.26,27.33,-12.74,0.2847
body,2.5,,30,5.0,102,22,80,21.57,4.7763,0.977,4.89,26.92,-12.48,0.2639
body,2.5,,30,5.0,102,22,80,21.57,4.7763,0.977,4.89,26.92,-12.48,0.2639
body,2.5,,30,5.0,102,22,80,21.57,4.7763,0.977,4.89,26.92,-12.48,0.2639
body,2.5,,30,5.0,102,22,80,21.57,4.7763,0.977,4.89,26.92,-12.48,0.2639
atr,,1.5,20,4.0,84,23,61,27.38,3.8077,1.0044,3.79,26.31,-11.37,0.3132
atr,,1.5,20,4.0,84,23,61,27.38,3.8077,1.0044,3.79,26.31,-11.37,0.3132
atr,,1.5,20,4.0,84,23,61,27.38,3.8077,1.0044,3.79,26.31,-11.37,0.3132
atr,,1.5,20,4.0,84,23,61,27.38,3.8077,1.0044,3.79,26.31,-11.37,0.3132
body,2.5,,20,5.0,124,25,99,20.16,4.6457,0.9086,5.11,26.19,-14.05,0.2112
body,2.5,,20,5.0,124,25,99,20.16,4.6457,0.9086,5.11,26.19,-14.05,0.2112
body,2.5,,20,5.0,124,25,99,20.16,4.6457,0.9086,5.11,26.19,-14.05,0.2112
body,2.5,,20,5.0,124,25,99,20.16,4.6457,0.9086,5.11,26.19,-14.05,0.2112
atr,,1.0,30,5.0,128,28,100,21.88,4.1312,0.9012,4.58,25.56,-13.03,0.1997
atr,,1.0,30,5.0,128,28,100,21.88,4.1312,0.9012,4.58,25.56,-13.03,0.1997
atr,,1.0,30,5.0,128,28,100,21.88,4.1312,0.9012,4.58,25.56,-13.03,0.1997
atr,,1.0,30,5.0,128,28,100,21.88,4.1312,0.9012,4.58,25.56,-13.03,0.1997
body,3.0,,10,4.0,98,25,73,25.51,3.848,0.9707,3.96,25.33,-13.98,0.2585
body,3.0,,10,4.0,98,25,73,25.51,3.848,0.9707,3.96,25.33,-13.98,0.2585
body,3.0,,10,4.0,98,25,73,25.51,3.848,0.9707,3.96,25.33,-13.98,0.2585
body,3.0,,10,4.0,98,25,73,25.51,3.848,0.9707,3.96,25.33,-13.98,0.2585
atr,,2.0,30,4.0,39,13,26,33.33,4.2885,1.1822,3.63,25.01,-8.21,0.6414
atr,,2.0,30,4.0,39,13,26,33.33,4.2885,1.1822,3.63,25.01,-8.21,0.6414
atr,,2.0,30,4.0,39,13,26,33.33,4.2885,1.1822,3.63,25.01,-8.21,0.6414
atr,,2.0,30,4.0,39,13,26,33.33,4.2885,1.1822,3.63,25.01,-8.21,0.6414
body,2.0,,30,5.0,127,28,99,22.05,4.1312,0.9222,4.48,24.37,-12.44,0.1919
body,2.0,,30,5.0,127,28,99,22.05,4.1312,0.9222,4.48,24.37,-12.44,0.1919
body,2.0,,30,5.0,127,28,99,22.05,4.1312,0.9222,4.48,24.37,-12.44,0.1919
body,2.0,,30,5.0,127,28,99,22.05,4.1312,0.9222,4.48,24.37,-12.44,0.1919
body,1.5,,10,5.0,251,51,200,20.32,3.5378,0.781,4.53,24.23,-18.65,0.0965
body,1.5,,10,5.0,251,51,200,20.32,3.5378,0.781,4.53,24.23,-18.65,0.0965
body,1.5,,10,5.0,251,51,200,20.32,3.5378,0.781,4.53,24.23,-18.65,0.0965
body,1.5,,10,5.0,251,51,200,20.32,3.5378,0.781,4.53,24.23,-18.65,0.0965
body,3.0,,20,4.0,89,23,66,25.84,3.8445,0.9816,3.92,23.64,-11.79,0.2656
body,3.0,,20,4.0,89,23,66,25.84,3.8445,0.9816,3.92,23.64,-11.79,0.2656
body,3.0,,20,4.0,89,23,66,25.84,3.8445,0.9816,3.92,23.64,-11.79,0.2656
body,3.0,,20,4.0,89,23,66,25.84,3.8445,0.9816,3.92,23.64,-11.79,0.2656
atr,,1.0,20,5.0,156,32,124,20.51,3.9861,0.8426,4.73,23.07,-13.69,0.1479
atr,,1.0,20,5.0,156,32,124,20.51,3.9861,0.8426,4.73,23.07,-13.69,0.1479
atr,,1.0,20,5.0,156,32,124,20.51,3.9861,0.8426,4.73,23.07,-13.69,0.1479
atr,,1.0,20,5.0,156,32,124,20.51,3.9861,0.8426,4.73,23.07,-13.69,0.1479
atr,,2.0,20,4.0,42,13,29,30.95,4.2885,1.1277,3.8,23.05,-10.01,0.5487
atr,,2.0,20,4.0,42,13,29,30.95,4.2885,1.1277,3.8,23.05,-10.01,0.5487
atr,,2.0,20,4.0,42,13,29,30.95,4.2885,1.1277,3.8,23.05,-10.01,0.5487
atr,,2.0,20,4.0,42,13,29,30.95,4.2885,1.1277,3.8,23.05,-10.01,0.5487
atr,,1.5,50,3.0,63,23,40,36.51,2.85,1.0749,2.65,22.55,-10.11,0.358
atr,,1.5,50,3.0,63,23,40,36.51,2.85,1.0749,2.65,22.55,-10.11,0.358
atr,,1.5,50,3.0,63,23,40,36.51,2.85,1.0749,2.65,22.55,-10.11,0.358
atr,,1.5,50,3.0,63,23,40,36.51,2.85,1.0749,2.65,22.55,-10.11,0.358
engulfing,,,50,5.0,23,7,16,30.43,4.9541,0.7741,6.4,22.29,-5.31,0.9693
engulfing,,,50,5.0,23,7,16,30.43,4.9541,0.7741,6.4,22.29,-5.31,0.9693
engulfing,,,50,5.0,23,7,16,30.43,4.9541,0.7741,6.4,22.29,-5.31,0.9693
engulfing,,,50,5.0,23,7,16,30.43,4.9541,0.7741,6.4,22.29,-5.31,0.9693
engulfing,,,50,5.0,23,7,16,30.43,4.9541,0.7741,6.4,22.29,-5.31,0.9693
engulfing,,,50,5.0,23,7,16,30.43,4.9541,0.7741,6.4,22.29,-5.31,0.9693
engulfing,,,50,5.0,23,7,16,30.43,4.9541,0.7741,6.4,22.29,-5.31,0.9693
engulfing,,,50,5.0,23,7,16,30.43,4.9541,0.7741,6.4,22.29,-5.31,0.9693
engulfing,,,50,5.0,23,7,16,30.43,4.9541,0.7741,6.4,22.29,-5.31,0.9693
engulfing,,,50,5.0,23,7,16,30.43,4.9541,0.7741,6.4,22.29,-5.31,0.9693
engulfing,,,50,5.0,23,7,16,30.43,4.9541,0.7741,6.4,22.29,-5.31,0.9693
engulfing,,,50,5.0,23,7,16,30.43,4.9541,0.7741,6.4,22.29,-5.31,0.9693
engulfing,,,50,5.0,23,7,16,30.43,4.9541,0.7741,6.4,22.29,-5.31,0.9693
engulfing,,,50,5.0,23,7,16,30.43,4.9541,0.7741,6.4,22.29,-5.31,0.9693
engulfing,,,50,5.0,23,7,16,30.43,4.9541,0.7741,6.4,22.29,-5.31,0.9693
engulfing,,,50,5.0,23,7,16,30.43,4.9541,0.7741,6.4,22.29,-5.31,0.9693
body,2.0,,20,4.0,161,42,119,26.09,2.9973,0.8743,3.43,21.85,-15.51,0.1357
body,2.0,,20,4.0,161,42,119,26.09,2.9973,0.8743,3.43,21.85,-15.51,0.1357
body,2.0,,20,4.0,161,42,119,26.09,2.9973,0.8743,3.43,21.85,-15.51,0.1357
body,2.0,,20,4.0,161,42,119,26.09,2.9973,0.8743,3.43,21.85,-15.51,0.1357
body,1.5,,30,4.0,151,39,112,25.83,3.0519,0.8724,3.5,21.32,-11.75,0.1412
body,1.5,,30,4.0,151,39,112,25.83,3.0519,0.8724,3.5,21.32,-11.75,0.1412
body,1.5,,30,4.0,151,39,112,25.83,3.0519,0.8724,3.5,21.32,-11.75,0.1412
body,1.5,,30,4.0,151,39,112,25.83,3.0519,0.8724,3.5,21.32,-11.75,0.1412
body,1.5,,20,5.0,201,40,161,19.9,3.7792,0.8067,4.68,21.29,-15.81,0.1059
body,1.5,,20,5.0,201,40,161,19.9,3.7792,0.8067,4.68,21.29,-15.81,0.1059
body,1.5,,20,5.0,201,40,161,19.9,3.7792,0.8067,4.68,21.29,-15.81,0.1059
body,1.5,,20,5.0,201,40,161,19.9,3.7792,0.8067,4.68,21.29,-15.81,0.1059
atr,,1.5,10,3.0,91,31,60,34.07,2.6422,1.0186,2.59,20.79,-11.81,0.2285
atr,,1.5,10,3.0,91,31,60,34.07,2.6422,1.0186,2.59,20.79,-11.81,0.2285
atr,,1.5,10,3.0,91,31,60,34.07,2.6422,1.0186,2.59,20.79,-11.81,0.2285
atr,,1.5,10,3.0,91,31,60,34.07,2.6422,1.0186,2.59,20.79,-11.81,0.2285
body,3.0,,50,3.0,63,22,41,34.92,2.9367,1.0756,2.73,20.51,-9.75,0.3255
body,3.0,,50,3.0,63,22,41,34.92,2.9367,1.0756,2.73,20.51,-9.75,0.3255
body,3.0,,50,3.0,63,22,41,34.92,2.9367,1.0756,2.73,20.51,-9.75,0.3255
body,3.0,,50,3.0,63,22,41,34.92,2.9367,1.0756,2.73,20.51,-9.75,0.3255
body,1.5,,50,4.0,96,23,73,23.96,3.8283,0.932,4.11,20.01,-12.75,0.2085
body,1.5,,50,4.0,96,23,73,23.96,3.8283,0.932,4.11,20.01,-12.75,0.2085
body,1.5,,50,4.0,96,23,73,23.96,3.8283,0.932,4.11,20.01,-12.75,0.2085
body,1.5,,50,4.0,96,23,73,23.96,3.8283,0.932,4.11,20.01,-12.75,0.2085
engulfing,,,30,5.0,34,9,25,26.47,4.141,0.7037,5.88,19.68,-7.21,0.5787
engulfing,,,30,5.0,34,9,25,26.47,4.141,0.7037,5.88,19.68,-7.21,0.5787
engulfing,,,30,5.0,34,9,25,26.47,4.141,0.7037,5.88,19.68,-7.21,0.5787
engulfing,,,30,5.0,34,9,25,26.47,4.141,0.7037,5.88,19.68,-7.21,0.5787
engulfing,,,30,5.0,34,9,25,26.47,4.141,0.7037,5.88,19.68,-7.21,0.5787
engulfing,,,30,5.0,34,9,25,26.47,4.141,0.7037,5.88,19.68,-7.21,0.5787
engulfing,,,30,5.0,34,9,25,26.47,4.141,0.7037,5.88,19.68,-7.21,0.5787
engulfing,,,30,5.0,34,9,25,26.47,4.141,0.7037,5.88,19.68,-7.21,0.5787
engulfing,,,30,5.0,34,9,25,26.47,4.141,0.7037,5.88,19.68,-7.21,0.5787
engulfing,,,30,5.0,34,9,25,26.47,4.141,0.7037,5.88,19.68,-7.21,0.5787
engulfing,,,30,5.0,34,9,25,26.47,4.141,0.7037,5.88,19.68,-7.21,0.5787
engulfing,,,30,5.0,34,9,25,26.47,4.141,0.7037,5.88,19.68,-7.21,0.5787
engulfing,,,30,5.0,34,9,25,26.47,4.141,0.7037,5.88,19.68,-7.21,0.5787
engulfing,,,30,5.0,34,9,25,26.47,4.141,0.7037,5.88,19.68,-7.21,0.5787
engulfing,,,30,5.0,34,9,25,26.47,4.141,0.7037,5.88,19.68,-7.21,0.5787
engulfing,,,30,5.0,34,9,25,26.47,4.141,0.7037,5.88,19.68,-7.21,0.5787
body,1.5,,20,4.0,201,49,152,24.38,2.9015,0.8091,3.59,19.19,-12.9,0.0955
body,1.5,,20,4.0,201,49,152,24.38,2.9015,0.8091,3.59,19.19,-12.9,0.0955
body,1.5,,20,4.0,201,49,152,24.38,2.9015,0.8091,3.59,19.19,-12.9,0.0955
body,1.5,,20,4.0,201,49,152,24.38,2.9015,0.8091,3.59,19.19,-12.9,0.0955
atr,,1.5,30,3.0,75,26,49,34.67,2.7521,1.0772,2.55,18.77,-10.11,0.2503
atr,,1.5,30,3.0,75,26,49,34.67,2.7521,1.0772,2.55,18.77,-10.11,0.2503
atr,,1.5,30,3.0,75,26,49,34.67,2.7521,1.0772,2.55,18.77,-10.11,0.2503
atr,,1.5,30,3.0,75,26,49,34.67,2.7521,1.0772,2.55,18.77,-10.11,0.2503
body,1.5,,30,5.0,151,31,120,20.53,3.9668,0.8688,4.57,18.72,-12.47,0.1239
body,1.5,,30,5.0,151,31,120,20.53,3.9668,0.8688,4.57,18.72,-12.47,0.1239
body,1.5,,30,5.0,151,31,120,20.53,3.9668,0.8688,4.57,18.72,-12.47,0.1239
body,1.5,,30,5.0,151,31,120,20.53,3.9668,0.8688,4.57,18.72,-12.47,0.1239
body,2.0,,30,4.0,127,33,94,25.98,3.2029,0.9265,3.46,18.6,-11.55,0.1465
body,2.0,,30,4.0,127,33,94,25.98,3.2029,0.9265,3.46,18.6,-11.55,0.1465
body,2.0,,30,4.0,127,33,94,25.98,3.2029,0.9265,3.46,18.6,-11.55,0.1465
body,2.0,,30,4.0,127,33,94,25.98,3.2029,0.9265,3.46,18.6,-11.55,0.1465
engulfing,,,10,5.0,74,16,58,21.62,3.3953,0.6295,5.39,17.82,-10.37,0.2407
engulfing,,,10,5.0,74,16,58,21.62,3.3953,0.6295,5.39,17.82,-10.37,0.2407
engulfing,,,10,5.0,74,16,58,21.62,3.3953,0.6295,5.39,17.82,-10.37,0.2407
engulfing,,,10,5.0,74,16,58,21.62,3.3953,0.6295,5.39,17.82,-10.37,0.2407
engulfing,,,10,5.0,74,16,58,21.62,3.3953,0.6295,5.39,17.82,-10.37,0.2407
engulfing,,,10,5.0,74,16,58,21.62,3.3953,0.6295,5.39,17.82,-10.37,0.2407
engulfing,,,10,5.0,74,16,58,21.62,3.3953,0.6295,5.39,17.82,-10.37,0.2407
engulfing,,,10,5.0,74,16,58,21.62,3.3953,0.6295,5.39,17.82,-10.37,0.2407
engulfing,,,10,5.0,74,16,58,21.62,3.3953,0.6295,5.39,17.82,-10.37,0.2407
engulfing,,,10,5.0,74,16,58,21.62,3.3953,0.6295,5.39,17.82,-10.37,0.2407
engulfing,,,10,5.0,74,16,58,21.62,3.3953,0.6295,5.39,17.82,-10.37,0.2407
engulfing,,,10,5.0,74,16,58,21.62,3.3953,0.6295,5.39,17.82,-10.37,0.2407
engulfing,,,10,5.0,74,16,58,21.62,3.3953,0.6295,5.39,17.82,-10.37,0.2407
engulfing,,,10,5.0,74,16,58,21.62,3.3953,0.6295,5.39,17.82,-10.37,0.2407
engulfing,,,10,5.0,74,16,58,21.62,3.3953,0.6295,5.39,17.82,-10.37,0.2407
engulfing,,,10,5.0,74,16,58,21.62,3.3953,0.6295,5.39,17.82,-10.37,0.2407
atr,,1.5,20,3.0,84,28,56,33.33,2.6748,1.0209,2.62,17.73,-10.44,0.211
atr,,1.5,20,3.0,84,28,56,33.33,2.6748,1.0209,2.62,17.73,-10.44,0.211
atr,,1.5,20,3.0,84,28,56,33.33,2.6748,1.0209,2.62,17.73,-10.44,0.211
atr,,1.5,20,3.0,84,28,56,33.33,2.6748,1.0209,2.62,17.73,-10.44,0.211
atr,,1.0,10,4.0,182,46,136,25.27,2.874,0.8439,3.41,17.44,-16.94,0.0958
atr,,1.0,10,4.0,182,46,136,25.27,2.874,0.8439,3.41,17.44,-16.94,0.0958
atr,,1.0,10,4.0,182,46,136,25.27,2.874,0.8439,3.41,17.44,-16.94,0.0958
atr,,1.0,10,4.0,182,46,136,25.27,2.874,0.8439,3.41,17.44,-16.94,0.0958
atr,,1.0,30,4.0,128,33,95,25.78,3.1453,0.9093,3.46,17.41,-12.75,0.136
atr,,1.0,30,4.0,128,33,95,25.78,3.1453,0.9093,3.46,17.41,-12.75,0.136
atr,,1.0,30,4.0,128,33,95,25.78,3.1453,0.9093,3.46,17.41,-12.75,0.136
atr,,1.0,30,4.0,128,33,95,25.78,3.1453,0.9093,3.46,17.41,-12.75,0.136
body,2.5,,50,4.0,80,19,61,23.75,4.1133,0.9966,4.13,17.36,-11.57,0.217
body,2.5,,50,4.0,80,19,61,23.75,4.1133,0.9966,4.13,17.36,-11.57,0.217
body,2.5,,50,4.0,80,19,61,23.75,4.1133,0.9966,4.13,17.36,-11.57,0.217
body,2.5,,50,4.0,80,19,61,23.75,4.1133,0.9966,4.13,17.36,-11.57,0.217
atr,,2.0,10,3.0,44,16,28,36.36,3.0709,1.1392,2.7,17.24,-9.27,0.3918
atr,,2.0,10,3.0,44,16,28,36.36,3.0709,1.1392,2.7,17.24,-9.27,0.3918
atr,,2.0,10,3.0,44,16,28,36.36,3.0709,1.1392,2.7,17.24,-9.27,0.3918
atr,,2.0,10,3.0,44,16,28,36.36,3.0709,1.1392,2.7,17.24,-9.27,0.3918
body,2.0,,50,4.0,88,21,67,23.86,3.8815,0.9686,4.01,16.61,-12.46,0.1888
body,2.0,,50,4.0,88,21,67,23.86,3.8815,0.9686,4.01,16.61,-12.46,0.1888
body,2.0,,50,4.0,88,21,67,23.86,3.8815,0.9686,4.01,16.61,-12.46,0.1888
body,2.0,,50,4.0,88,21,67,23.86,3.8815,0.9686,4.01,16.61,-12.46,0.1888
body,3.0,,30,3.0,77,25,52,32.47,2.8458,1.0578,2.69,16.14,-9.75,0.2096
body,3.0,,30,3.0,77,25,52,32.47,2.8458,1.0578,2.69,16.14,-9.75,0.2096
body,3.0,,30,3.0,77,25,52,32.47,2.8458,1.0578,2.69,16.14,-9.75,0.2096
body,3.0,,30,3.0,77,25,52,32.47,2.8458,1.0578,2.69,16.14,-9.75,0.2096
body,1.5,,10,4.0,251,60,191,23.9,2.7553,0.7816,3.53,16.02,-17.06,0.0638
body,1.5,,10,4.0,251,60,191,23.9,2.7553,0.7816,3.53,16.02,-17.06,0.0638
body,1.5,,10,4.0,251,60,191,23.9,2.7553,0.7816,3.53,16.02,-17.06,0.0638
body,1.5,,10,4.0,251,60,191,23.9,2.7553,0.7816,3.53,16.02,-17.06,0.0638
body,2.5,,30,4.0,102,25,77,24.51,3.665,0.983,3.73,15.94,-12.36,0.1562
body,2.5,,30,4.0,102,25,77,24.51,3.665,0.983,3.73,15.94,-12.36,0.1562
body,2.5,,30,4.0,102,25,77,24.51,3.665,0.983,3.73,15.94,-12.36,0.1562
body,2.5,,30,4.0,102,25,77,24.51,3.665,0.983,3.73,15.94,-12.36,0.1562
atr,,1.0,50,4.0,91,21,70,23.08,3.8815,0.9456,4.1,15.32,-12.75,0.1683
atr,,1.0,50,4.0,91,21,70,23.08,3.8815,0.9456,4.1,15.32,-12.75,0.1683
atr,,1.0,50,4.0,91,21,70,23.08,3.8815,0.9456,4.1,15.32,-12.75,0.1683
atr,,1.0,50,4.0,91,21,70,23.08,3.8815,0.9456,4.1,15.32,-12.75,0.1683
atr,,2.5,50,5.0,15,5,10,33.33,5.6805,1.3125,4.33,15.28,-7.4,1.0185
atr,,2.5,50,5.0,15,5,10,33.33,5.6805,1.3125,4.33,15.28,-7.4,1.0185
atr,,2.5,50,5.0,15,5,10,33.33,5.6805,1.3125,4.33,15.28,-7.4,1.0185
atr,,2.5,50,5.0,15,5,10,33.33,5.6805,1.3125,4.33,15.28,-7.4,1.0185
engulfing,,,50,4.0,23,7,16,30.43,3.9392,0.7741,5.09,15.19,-5.31,0.6604
engulfing,,,50,4.0,23,7,16,30.43,3.9392,0.7741,5.09,15.19,-5.31,0.6604
engulfing,,,50,4.0,23,7,16,30.43,3.9392,0.7741,5.09,15.19,-5.31,0.6604
engulfing,,,50,4.0,23,7,16,30.43,3.9392,0.7741,5.09,15.19,-5.31,0.6604
engulfing,,,50,4.0,23,7,16,30.43,3.9392,0.7741,5.09,15.19,-5.31,0.6604
engulfing,,,50,4.0,23,7,16,30.43,3.9392,0.7741,5.09,15.19,-5.31,0.6604
engulfing,,,50,4.0,23,7,16,30.43,3.9392,0.7741,5.09,15.19,-5.31,0.6604
engulfing,,,50,4.0,23,7,16,30.43,3.9392,0.7741,5.09,15.19,-5.31,0.6604
engulfing,,,50,4.0,23,7,16,30.43,3.9392,0.7741,5.09,15.19,-5.31,0.6604
engulfing,,,50,4.0,23,7,16,30.43,3.9392,0.7741,5.09,15.19,-5.31,0.6604
engulfing,,,50,4.0,23,7,16,30.43,3.9392,0.7741,5.09,15.19,-5.31,0.6604
engulfing,,,50,4.0,23,7,16,30.43,3.9392,0.7741,5.09,15.19,-5.31,0.6604
engulfing,,,50,4.0,23,7,16,30.43,3.9392,0.7741,5.09,15.19,-5.31,0.6604
engulfing,,,50,4.0,23,7,16,30.43,3.9392,0.7741,5.09,15.19,-5.31,0.6604
engulfing,,,50,4.0,23,7,16,30.43,3.9392,0.7741,5.09,15.19,-5.31,0.6604
engulfing,,,50,4.0,23,7,16,30.43,3.9392,0.7741,5.09,15.19,-5.31,0.6604
atr,,2.5,10,5.0,19,6,13,31.58,5.068,1.1805,4.29,15.06,-8.23,0.7927
atr,,2.5,10,5.0,19,6,13,31.58,5.068,1.1805,4.29,15.06,-8.23,0.7927
atr,,2.5,10,5.0,19,6,13,31.58,5.068,1.1805,4.29,15.06,-8.23,0.7927
atr,,2.5,10,5.0,19,6,13,31.58,5.068,1.1805,4.29,15.06,-8.23,0.7927
atr,,2.0,50,3.0,34,13,21,38.24,3.1864,1.261,2.53,14.94,-8.16,0.4395
atr,,2.0,50,3.0,34,13,21,38.24,3.1864,1.261,2.53,14.94,-8.16,0.4395
atr,,2.0,50,3.0,34,13,21,38.24,3.1864,1.261,2.53,14.94,-8.16,0.4395
atr,,2.0,50,3.0,34,13,21,38.24,3.1864,1.261,2.53,14.94,-8.16,0.4395
body,3.0,,20,3.0,89,28,61,31.46,2.6974,0.9948,2.71,14.84,-11.12,0.1668
body,3.0,,20,3.0,89,28,61,31.46,2.6974,0.9948,2.71,14.84,-11.12,0.1668
body,3.0,,20,3.0,89,28,61,31.46,2.6974,0.9948,2.71,14.84,-11.12,0.1668
body,3.0,,20,3.0,89,28,61,31.46,2.6974,0.9948,2.71,14.84,-11.12,0.1668
body,2.5,,10,4.0,139,33,106,23.74,3.3802,0.9144,3.7,14.63,-17.69,0.1052
body,2.5,,10,4.0,139,33,106,23.74,3.3802,0.9144,3.7,14.63,-17.69,0.1052
body,2.5,,10,4.0,139,33,106,23.74,3.3802,0.9144,3.7,14.63,-17.69,0.1052
body,2.5,,10,4.0,139,33,106,23.74,3.3802,0.9144,3.7,14.63,-17.69,0.1052
body,3.0,,10,3.0,98,30,68,30.61,2.71,0.9818,2.76,14.54,-13.08,0.1483
body,3.0,,10,3.0,98,30,68,30.61,2.71,0.9818,2.76,14.54,-13.08,0.1483
body,3.0,,10,3.0,98,30,68,30.61,2.71,0.9818,2.76,14.54,-13.08,0.1483
body,3.0,,10,3.0,98,30,68,30.61,2.71,0.9818,2.76,14.54,-13.08,0.1483
body,2.5,,20,4.0,124,29,95,23.39,3.4901,0.9171,3.81,14.08,-14.41,0.1136
body,2.5,,20,4.0,124,29,95,23.39,3.4901,0.9171,3.81,14.08,-14.41,0.1136
body,2.5,,20,4.0,124,29,95,23.39,3.4901,0.9171,3.81,14.08,-14.41,0.1136
body,2.5,,20,4.0,124,29,95,23.39,3.4901,0.9171,3.81,14.08,-14.41,0.1136
engulfing,,,30,4.0,34,10,24,29.41,3.078,0.7145,4.31,13.63,-7.21,0.4009
engulfing,,,30,4.0,34,10,24,29.41,3.078,0.7145,4.31,13.63,-7.21,0.4009
engulfing,,,30,4.0,34,10,24,29.41,3.078,0.7145,4.31,13.63,-7.21,0.4009
engulfing,,,30,4.0,34,10,24,29.41,3.078,0.7145,4.31,13.63,-7.21,0.4009
engulfing,,,30,4.0,34,10,24,29.41,3.078,0.7145,4.31,13.63,-7.21,0.4009
engulfing,,,30,4.0,34,10,24,29.41,3.078,0.7145,4.31,13.63,-7.21,0.4009
engulfing,,,30,4.0,34,10,24,29.41,3.078,0.7145,4.31,13.63,-7.21,0.4009
engulfing,,,30,4.0,34,10,24,29.41,3.078,0.7145,4.31,13.63,-7.21,0.4009
engulfing,,,30,4.0,34,10,24,29.41,3.078,0.7145,4.31,13.63,-7.21,0.4009
engulfing,,,30,4.0,34,10,24,29.41,3.078,0.7145,4.31,13.63,-7.21,0.4009
engulfing,,,30,4.0,34,10,24,29.41,3.078,0.7145,4.31,13.63,-7.21,0.4009
engulfing,,,30,4.0,34,10,24,29.41,3.078,0.7145,4.31,13.63,-7.21,0.4009
engulfing,,,30,4.0,34,10,24,29.41,3.078,0.7145,4.31,13.63,-7.21,0.4009
engulfing,,,30,4.0,34,10,24,29.41,3.078,0.7145,4.31,13.63,-7.21,0.4009
engulfing,,,30,4.0,34,10,24,29.41,3.078,0.7145,4.31,13.63,-7.21,0.4009
engulfing,,,30,4.0,34,10,24,29.41,3.078,0.7145,4.31,13.63,-7.21,0.4009
atr,,1.0,20,4.0,156,38,118,24.36,3.0003,0.8508,3.53,13.62,-14.15,0.0873
atr,,1.0,20,4.0,156,38,118,24.36,3.0003,0.8508,3.53,13.62,-14.15,0.0873
atr,,1.0,20,4.0,156,38,118,24.36,3.0003,0.8508,3.53,13.62,-14.15,0.0873
atr,,1.0,20,4.0,156,38,118,24.36,3.0003,0.8508,3.53,13.62,-14.15,0.0873
atr,,2.5,30,5.0,17,5,12,29.41,5.6805,1.242,4.57,13.5,-8.23,0.794
atr,,2.5,30,5.0,17,5,12,29.41,5.6805,1.242,4.57,13.5,-8.23,0.794
atr,,2.5,30,5.0,17,5,12,29.41,5.6805,1.242,4.57,13.5,-8.23,0.794
atr,,2.5,30,5.0,17,5,12,29.41,5.6805,1.242,4.57,13.5,-8.23,0.794
atr,,2.5,20,5.0,18,5,13,27.78,5.6805,1.1805,4.81,13.06,-8.23,0.7253
atr,,2.5,20,5.0,18,5,13,27.78,5.6805,1.1805,4.81,13.06,-8.23,0.7253
atr,,2.5,20,5.0,18,5,13,27.78,5.6805,1.1805,4.81,13.06,-8.23,0.7253
atr,,2.5,20,5.0,18,5,13,27.78,5.6805,1.1805,4.81,13.06,-8.23,0.7253
atr,,2.0,20,3.0,42,14,28,33.33,3.0973,1.1392,2.72,11.47,-9.27,0.273
atr,,2.0,20,3.0,42,14,28,33.33,3.0973,1.1392,2.72,11.47,-9.27,0.273
atr,,2.0,20,3.0,42,14,28,33.33,3.0973,1.1392,2.72,11.47,-9.27,0.273
atr,,2.0,20,3.0,42,14,28,33.33,3.0973,1.1392,2.72,11.47,-9.27,0.273
atr,,2.0,30,3.0,39,13,26,33.33,3.1864,1.1822,2.7,10.69,-8.21,0.274
atr,,2.0,30,3.0,39,13,26,33.33,3.1864,1.1822,2.7,10.69,-8.21,0.274
atr,,2.0,30,3.0,39,13,26,33.33,3.1864,1.1822,2.7,10.69,-8.21,0.274
atr,,2.0,30,3.0,39,13,26,33.33,3.1864,1.1822,2.7,10.69,-8.21,0.274
engulfing,,,20,5.0,52,10,42,19.23,3.8144,0.6625,5.76,10.32,-10.11,0.1984
engulfing,,,20,5.0,52,10,42,19.23,3.8144,0.6625,5.76,10.32,-10.11,0.1984
engulfing,,,20,5.0,52,10,42,19.23,3.8144,0.6625,5.76,10.32,-10.11,0.1984
engulfing,,,20,5.0,52,10,42,19.23,3.8144,0.6625,5.76,10.32,-10.11,0.1984
engulfing,,,20,5.0,52,10,42,19.23,3.8144,0.6625,5.76,10.32,-10.11,0.1984
engulfing,,,20,5.0,52,10,42,19.23,3.8144,0.6625,5.76,10.32,-10.11,0.1984
engulfing,,,20,5.0,52,10,42,19.23,3.8144,0.6625,5.76,10.32,-10.11,0.1984
engulfing,,,20,5.0,52,10,42,19.23,3.8144,0.6625,5.76,10.32,-10.11,0.1984
engulfing,,,20,5.0,52,10,42,19.23,3.8144,0.6625,5.76,10.32,-10.11,0.1984
engulfing,,,20,5.0,52,10,42,19.23,3.8144,0.6625,5.76,10.32,-10.11,0.1984
engulfing,,,20,5.0,52,10,42,19.23,3.8144,0.6625,5.76,10.32,-10.11,0.1984
engulfing,,,20,5.0,52,10,42,19.23,3.8144,0.6625,5.76,10.32,-10.11,0.1984
engulfing,,,20,5.0,52,10,42,19.23,3.8144,0.6625,5.76,10.32,-10.11,0.1984
engulfing,,,20,5.0,52,10,42,19.23,3.8144,0.6625,5.76,10.32,-10.11,0.1984
engulfing,,,20,5.0,52,10,42,19.23,3.8144,0.6625,5.76,10.32,-10.11,0.1984
engulfing,,,20,5.0,52,10,42,19.23,3.8144,0.6625,5.76,10.32,-10.11,0.1984
atr,,1.5,50,2.0,63,27,36,42.86,1.811,1.0893,1.66,9.68,-10.63,0.1537
atr,,1.5,50,2.0,63,27,36,42.86,1.811,1.0893,1.66,9.68,-10.63,0.1537
atr,,1.5,50,2.0,63,27,36,42.86,1.811,1.0893,1.66,9.68,-10.63,0.1537
atr,,1.5,50,2.0,63,27,36,42.86,1.811,1.0893,1.66,9.68,-10.63,0.1537
atr,,2.5,50,4.0,15,5,10,33.33,4.5204,1.3125,3.44,9.48,-7.4,0.6318
atr,,2.5,50,4.0,15,5,10,33.33,4.5204,1.3125,3.44,9.48,-7.4,0.6318
atr,,2.5,50,4.0,15,5,10,33.33,4.5204,1.3125,3.44,9.48,-7.4,0.6318
atr,,2.5,50,4.0,15,5,10,33.33,4.5204,1.3125,3.44,9.48,-7.4,0.6318
engulfing,,,10,4.0,74,18,56,24.32,2.5037,0.6377,3.93,9.35,-11.07,0.1264
engulfing,,,10,4.0,74,18,56,24.32,2.5037,0.6377,3.93,9.35,-11.07,0.1264
engulfing,,,10,4.0,74,18,56,24.32,2.5037,0.6377,3.93,9.35,-11.07,0.1264
engulfing,,,10,4.0,74,18,56,24.32,2.5037,0.6377,3.93,9.35,-11.07,0.1264
engulfing,,,10,4.0,74,18,56,24.32,2.5037,0.6377,3.93,9.35,-11.07,0.1264
engulfing,,,10,4.0,74,18,56,24.32,2.5037,0.6377,3.93,9.35,-11.07,0.1264
engulfing,,,10,4.0,74,18,56,24.32,2.5037,0.6377,3.93,9.35,-11.07,0.1264
engulfing,,,10,4.0,74,18,56,24.32,2.5037,0.6377,3.93,9.35,-11.07,0.1264
engulfing,,,10,4.0,74,18,56,24.32,2.5037,0.6377,3.93,9.35,-11.07,0.1264
engulfing,,,10,4.0,74,18,56,24.32,2.5037,0.6377,3.93,9.35,-11.07,0.1264
engulfing,,,10,4.0,74,18,56,24.32,2.5037,0.6377,3.93,9.35,-11.07,0.1264
engulfing,,,10,4.0,74,18,56,24.32,2.5037,0.6377,3.93,9.35,-11.07,0.1264
engulfing,,,10,4.0,74,18,56,24.32,2.5037,0.6377,3.93,9.35,-11.07,0.1264
engulfing,,,10,4.0,74,18,56,24.32,2.5037,0.6377,3.93,9.35,-11.07,0.1264
engulfing,,,10,4.0,74,18,56,24.32,2.5037,0.6377,3.93,9.35,-11.07,0.1264
engulfing,,,10,4.0,74,18,56,24.32,2.5037,0.6377,3.93,9.35,-11.07,0.1264
atr,,2.5,10,4.0,19,6,13,31.58,4.0304,1.1805,3.41,8.84,-8.23,0.4651
atr,,2.5,10,4.0,19,6,13,31.58,4.0304,1.1805,3.41,8.84,-8.23,0.4651
atr,,2.5,10,4.0,19,6,13,31.58,4.0304,1.1805,3.41,8.84,-8.23,0.4651
atr,,2.5,10,4.0,19,6,13,31.58,4.0304,1.1805,3.41,8.84,-8.23,0.4651
engulfing,,,50,3.0,23,7,16,30.43,2.9244,0.7741,3.78,8.09,-5.31,0.3516
engulfing,,,50,3.0,23,7,16,30.43,2.9244,0.7741,3.78,8.09,-5.31,0.3516
engulfing,,,50,3.0,23,7,16,30.43,2.9244,0.7741,3.78,8.09,-5.31,0.3516
engulfing,,,50,3.0,23,7,16,30.43,2.9244,0.7741,3.78,8.09,-5.31,0.3516
engulfing,,,50,3.0,23,7,16,30.43,2.9244,0.7741,3.78,8.09,-5.31,0.3516
engulfing,,,50,3.0,23,7,16,30.43,2.9244,0.7741,3.78,8.09,-5.31,0.3516
engulfing,,,50,3.0,23,7,16,30.43,2.9244,0.7741,3.78,8.09,-5.31,0.3516
engulfing,,,50,3.0,23,7,16,30.43,2.9244,0.7741,3.78,8.09,-5.31,0.3516
engulfing,,,50,3.0,23,7,16,30.43,2.9244,0.7741,3.78,8.09,-5.31,0.3516
engulfing,,,50,3.0,23,7,16,30.43,2.9244,0.7741,3.78,8.09,-5.31,0.3516
engulfing,,,50,3.0,23,7,16,30.43,2.9244,0.7741,3.78,8.09,-5.31,0.3516
engulfing,,,50,3.0,23,7,16,30.43,2.9244,0.7741,3.78,8.09,-5.31,0.3516
engulfing,,,50,3.0,23,7,16,30.43,2.9244,0.7741,3.78,8.09,-5.31,0.3516
engulfing,,,50,3.0,23,7,16,30.43,2.9244,0.7741,3.78,8.09,-5.31,0.3516
engulfing,,,50,3.0,23,7,16,30.43,2.9244,0.7741,3.78,8.09,-5.31,0.3516
engulfing,,,50,3.0,23,7,16,30.43,2.9244,0.7741,3.78,8.09,-5.31,0.3516
body,2.0,,10,3.0,186,58,128,31.18,2.0627,0.8715,2.37,8.08,-19.52,0.0435
body,2.0,,10,3.0,186,58,128,31.18,2.0627,0.8715,2.37,8.08,-19.52,0.0435
body,2.0,,10,3.0,186,58,128,31.18,2.0627,0.8715,2.37,8.08,-19.52,0.0435
body,2.0,,10,3.0,186,58,128,31.18,2.0627,0.8715,2.37,8.08,-19.52,0.0435
body,1.5,,50,3.0,96,27,69,28.12,2.6965,0.9408,2.87,7.89,-12.0,0.0822
body,1.5,,50,3.0,96,27,69,28.12,2.6965,0.9408,2.87,7.89,-12.0,0.0822
body,1.5,,50,3.0,96,27,69,28.12,2.6965,0.9408,2.87,7.89,-12.0,0.0822
body,1.5,,50,3.0,96,27,69,28.12,2.6965,0.9408,2.87,7.89,-12.0,0.0822
body,2.5,,50,3.0,80,23,57,28.75,2.8479,1.0117,2.81,7.83,-11.62,0.0979
body,2.5,,50,3.0,80,23,57,28.75,2.8479,1.0117,2.81,7.83,-11.62,0.0979
body,2.5,,50,3.0,80,23,57,28.75,2.8479,1.0117,2.81,7.83,-11.62,0.0979
body,2.5,,50,3.0,80,23,57,28.75,2.8479,1.0117,2.81,7.83,-11.62,0.0979
atr,,2.5,30,4.0,17,5,12,29.41,4.5204,1.242,3.64,7.7,-8.23,0.4528
atr,,2.5,30,4.0,17,5,12,29.41,4.5204,1.242,3.64,7.7,-8.23,0.4528
atr,,2.5,30,4.0,17,5,12,29.41,4.5204,1.242,3.64,7.7,-8.23,0.4528
atr,,2.5,30,4.0,17,5,12,29.41,4.5204,1.242,3.64,7.7,-8.23,0.4528
atr,,2.5,20,4.0,18,5,13,27.78,4.5204,1.1805,3.83,7.26,-8.23,0.4031
atr,,2.5,20,4.0,18,5,13,27.78,4.5204,1.1805,3.83,7.26,-8.23,0.4031
atr,,2.5,20,4.0,18,5,13,27.78,4.5204,1.1805,3.83,7.26,-8.23,0.4031
atr,,2.5,20,4.0,18,5,13,27.78,4.5204,1.1805,3.83,7.26,-8.23,0.4031
body,2.0,,20,3.0,161,49,112,30.43,2.1503,0.8826,2.44,6.52,-17.68,0.0405
body,2.0,,20,3.0,161,49,112,30.43,2.1503,0.8826,2.44,6.52,-17.68,0.0405
body,2.0,,20,3.0,161,49,112,30.43,2.1503,0.8826,2.44,6.52,-17.68,0.0405
body,2.0,,20,3.0,161,49,112,30.43,2.1503,0.8826,2.44,6.52,-17.68,0.0405
body,3.0,,50,2.0,63,25,38,39.68,1.8924,1.0789,1.75,6.31,-10.28,0.1002
body,3.0,,50,2.0,63,25,38,39.68,1.8924,1.0789,1.75,6.31,-10.28,0.1002
body,3.0,,50,2.0,63,25,38,39.68,1.8924,1.0789,1.75,6.31,-10.28,0.1002
body,3.0,,50,2.0,63,25,38,39.68,1.8924,1.0789,1.75,6.31,-10.28,0.1002
atr,,2.0,50,2.0,34,15,19,44.12,2.042,1.2818,1.59,6.28,-8.84,0.1846
atr,,2.0,50,2.0,34,15,19,44.12,2.042,1.2818,1.59,6.28,-8.84,0.1846
atr,,2.0,50,2.0,34,15,19,44.12,2.042,1.2818,1.59,6.28,-8.84,0.1846
atr,,2.0,50,2.0,34,15,19,44.12,2.042,1.2818,1.59,6.28,-8.84,0.1846
body,2.0,,50,3.0,88,25,63,28.41,2.7184,0.9805,2.77,6.19,-11.71,0.0703
body,2.0,,50,3.0,88,25,63,28.41,2.7184,0.9805,2.77,6.19,-11.71,0.0703
body,2.0,,50,3.0,88,25,63,28.41,2.7184,0.9805,2.77,6.19,-11.71,0.0703
body,2.0,,50,3.0,88,25,63,28.41,2.7184,0.9805,2.77,6.19,-11.71,0.0703
atr,,2.0,10,2.0,44,18,26,40.91,1.9806,1.145,1.73,5.88,-8.84,0.1336
atr,,2.0,10,2.0,44,18,26,40.91,1.9806,1.145,1.73,5.88,-8.84,0.1336
atr,,2.0,10,2.0,44,18,26,40.91,1.9806,1.145,1.73,5.88,-8.84,0.1336
atr,,2.0,10,2.0,44,18,26,40.91,1.9806,1.145,1.73,5.88,-8.84,0.1336
engulfing,,,30,3.0,34,10,24,29.41,2.2785,0.7145,3.19,5.64,-7.21,0.1658
engulfing,,,30,3.0,34,10,24,29.41,2.2785,0.7145,3.19,5.64,-7.21,0.1658
engulfing,,,30,3.0,34,10,24,29.41,2.2785,0.7145,3.19,5.64,-7.21,0.1658
engulfing,,,30,3.0,34,10,24,29.41,2.2785,0.7145,3.19,5.64,-7.21,0.1658
engulfing,,,30,3.0,34,10,24,29.41,2.2785,0.7145,3.19,5.64,-7.21,0.1658
engulfing,,,30,3.0,34,10,24,29.41,2.2785,0.7145,3.19,5.64,-7.21,0.1658
engulfing,,,30,3.0,34,10,24,29.41,2.2785,0.7145,3.19,5.64,-7.21,0.1658
engulfing,,,30,3.0,34,10,24,29.41,2.2785,0.7145,3.19,5.64,-7.21,0.1658
engulfing,,,30,3.0,34,10,24,29.41,2.2785,0.7145,3.19,5.64,-7.21,0.1658
engulfing,,,30,3.0,34,10,24,29.41,2.2785,0.7145,3.19,5.64,-7.21,0.1658
engulfing,,,30,3.0,34,10,24,29.41,2.2785,0.7145,3.19,5.64,-7.21,0.1658
engulfing,,,30,3.0,34,10,24,29.41,2.2785,0.7145,3.19,5.64,-7.21,0.1658
engulfing,,,30,3.0,34,10,24,29.41,2.2785,0.7145,3.19,5.64,-7.21,0.1658
engulfing,,,30,3.0,34,10,24,29.41,2.2785,0.7145,3.19,5.64,-7.21,0.1658
engulfing,,,30,3.0,34,10,24,29.41,2.2785,0.7145,3.19,5.64,-7.21,0.1658
engulfing,,,30,3.0,34,10,24,29.41,2.2785,0.7145,3.19,5.64,-7.21,0.1658
body,1.5,,30,3.0,151,45,106,29.8,2.1951,0.8791,2.5,5.59,-14.07,0.037
body,1.5,,30,3.0,151,45,106,29.8,2.1951,0.8791,2.5,5.59,-14.07,0.037
body,1.5,,30,3.0,151,45,106,29.8,2.1951,0.8791,2.5,5.59,-14.07,0.037
body,1.5,,30,3.0,151,45,106,29.8,2.1951,0.8791,2.5,5.59,-14.07,0.037
engulfing,,,20,4.0,52,12,40,23.08,2.6888,0.6757,3.98,5.24,-9.24,0.1007
engulfing,,,20,4.0,52,12,40,23.08,2.6888,0.6757,3.98,5.24,-9.24,0.1007
engulfing,,,20,4.0,52,12,40,23.08,2.6888,0.6757,3.98,5.24,-9.24,0.1007
engulfing,,,20,4.0,52,12,40,23.08,2.6888,0.6757,3.98,5.24,-9.24,0.1007
engulfing,,,20,4.0,52,12,40,23.08,2.6888,0.6757,3.98,5.24,-9.24,0.1007
engulfing,,,20,4.0,52,12,40,23.08,2.6888,0.6757,3.98,5.24,-9.24,0.1007
engulfing,,,20,4.0,52,12,40,23.08,2.6888,0.6757,3.98,5.24,-9.24,0.1007
engulfing,,,20,4.0,52,12,40,23.08,2.6888,0.6757,3.98,5.24,-9.24,0.1007
engulfing,,,20,4.0,52,12,40,23.08,2.6888,0.6757,3.98,5.24,-9.24,0.1007
engulfing,,,20,4.0,52,12,40,23.08,2.6888,0.6757,3.98,5.24,-9.24,0.1007
engulfing,,,20,4.0,52,12,40,23.08,2.6888,0.6757,3.98,5.24,-9.24,0.1007
engulfing,,,20,4.0,52,12,40,23.08,2.6888,0.6757,3.98,5.24,-9.24,0.1007
engulfing,,,20,4.0,52,12,40,23.08,2.6888,0.6757,3.98,5.24,-9.24,0.1007
engulfing,,,20,4.0,52,12,40,23.08,2.6888,0.6757,3.98,5.24,-9.24,0.1007
engulfing,,,20,4.0,52,12,40,23.08,2.6888,0.6757,3.98,5.24,-9.24,0.1007
engulfing,,,20,4.0,52,12,40,23.08,2.6888,0.6757,3.98,5.24,-9.24,0.1007
body,1.5,,20,3.0,201,59,142,29.35,2.0533,0.8173,2.51,5.09,-15.89,0.0253
body,1.5,,20,3.0,201,59,142,29.35,2.0533,0.8173,2.51,5.09,-15.89,0.0253
body,1.5,,20,3.0,201,59,142,29.35,2.0533,0.8173,2.51,5.09,-15.89,0.0253
body,1.5,,20,3.0,201,59,142,29.35,2.0533,0.8173,2.51,5.09,-15.89,0.0253
engulfing,,,50,2.0,23,9,14,39.13,1.7617,0.7701,2.29,5.07,-3.71,0.2206
engulfing,,,50,2.0,23,9,14,39.13,1.7617,0.7701,2.29,5.07,-3.71,0.2206
engulfing,,,50,2.0,23,9,14,39.13,1.7617,0.7701,2.29,5.07,-3.71,0.2206
engulfing,,,50,2.0,23,9,14,39.13,1.7617,0.7701,2.29,5.07,-3.71,0.2206
engulfing,,,50,2.0,23,9,14,39.13,1.7617,0.7701,2.29,5.07,-3.71,0.2206
engulfing,,,50,2.0,23,9,14,39.13,1.7617,0.7701,2.29,5.07,-3.71,0.2206
engulfing,,,50,2.0,23,9,14,39.13,1.7617,0.7701,2.29,5.07,-3.71,0.2206
engulfing,,,50,2.0,23,9,14,39.13,1.7617,0.7701,2.29,5.07,-3.71,0.2206
engulfing,,,50,2.0,23,9,14,39.13,1.7617,0.7701,2.29,5.07,-3.71,0.2206
engulfing,,,50,2.0,23,9,14,39.13,1.7617,0.7701,2.29,5.07,-3.71,0.2206
engulfing,,,50,2.0,23,9,14,39.13,1.7617,0.7701,2.29,5.07,-3.71,0.2206
engulfing,,,50,2.0,23,9,14,39.13,1.7617,0.7701,2.29,5.07,-3.71,0.2206
engulfing,,,50,2.0,23,9,14,39.13,1.7617,0.7701,2.29,5.07,-3.71,0.2206
engulfing,,,50,2.0,23,9,14,39.13,1.7617,0.7701,2.29,5.07,-3.71,0.2206
engulfing,,,50,2.0,23,9,14,39.13,1.7617,0.7701,2.29,5.07,-3.71,0.2206
engulfing,,,50,2.0,23,9,14,39.13,1.7617,0.7701,2.29,5.07,-3.71,0.2206
atr,,1.0,50,3.0,91,25,66,27.47,2.7184,0.9556,2.84,4.89,-12.0,0.0538
atr,,1.0,50,3.0,91,25,66,27.47,2.7184,0.9556,2.84,4.89,-12.0,0.0538
atr,,1.0,50,3.0,91,25,66,27.47,2.7184,0.9556,2.84,4.89,-12.0,0.0538
atr,,1.0,50,3.0,91,25,66,27.47,2.7184,0.9556,2.84,4.89,-12.0,0.0538
engulfing,,,30,2.0,34,14,20,41.18,1.341,0.7218,1.86,4.34,-4.19,0.1276
engulfing,,,30,2.0,34,14,20,41.18,1.341,0.7218,1.86,4.34,-4.19,0.1276
engulfing,,,30,2.0,34,14,20,41.18,1.341,0.7218,1.86,4.34,-4.19,0.1276
engulfing,,,30,2.0,34,14,20,41.18,1.341,0.7218,1.86,4.34,-4.19,0.1276
engulfing,,,30,2.0,34,14,20,41.18,1.341,0.7218,1.86,4.34,-4.19,0.1276
engulfing,,,30,2.0,34,14,20,41.18,1.341,0.7218,1.86,4.34,-4.19,0.1276
engulfing,,,30,2.0,34,14,20,41.18,1.341,0.7218,1.86,4.34,-4.19,0.1276
engulfing,,,30,2.0,34,14,20,41.18,1.341,0.7218,1.86,4.34,-4.19,0.1276
engulfing,,,30,2.0,34,14,20,41.18,1.341,0.7218,1.86,4.34,-4.19,0.1276
engulfing,,,30,2.0,34,14,20,41.18,1.341,0.7218,1.86,4.34,-4.19,0.1276
engulfing,,,30,2.0,34,14,20,41.18,1.341,0.7218,1.86,4.34,-4.19,0.1276
engulfing,,,30,2.0,34,14,20,41.18,1.341,0.7218,1.86,4.34,-4.19,0.1276
engulfing,,,30,2.0,34,14,20,41.18,1.341,0.7218,1.86,4.34,-4.19,0.1276
engulfing,,,30,2.0,34,14,20,41.18,1.341,0.7218,1.86,4.34,-4.19,0.1276
engulfing,,,30,2.0,34,14,20,41.18,1.341,0.7218,1.86,4.34,-4.19,0.1276
engulfing,,,30,2.0,34,14,20,41.18,1.341,0.7218,1.86,4.34,-4.19,0.1276
atr,,1.5,30,2.0,75,30,45,40.0,1.7594,1.089,1.62,3.78,-10.11,0.0504
atr,,1.5,30,2.0,75,30,45,40.0,1.7594,1.089,1.62,3.78,-10.11,0.0504
atr,,1.5,30,2.0,75,30,45,40.0,1.7594,1.089,1.62,3.78,-10.11,0.0504
atr,,1.5,30,2.0,75,30,45,40.0,1.7594,1.089,1.62,3.78,-10.11,0.0504
atr,,2.5,50,3.0,15,5,10,33.33,3.3603,1.3125,2.56,3.68,-7.4,0.2451
atr,,2.5,50,3.0,15,5,10,33.33,3.3603,1.3125,2.56,3.68,-7.4,0.2451
atr,,2.5,50,3.0,15,5,10,33.33,3.3603,1.3125,2.56,3.68,-7.4,0.2451
atr,,2.5,50,3.0,15,5,10,33.33,3.3603,1.3125,2.56,3.68,-7.4,0.2451
atr,,2.5,50,2.0,15,7,8,46.67,2.0765,1.3747,1.51,3.54,-7.52,0.2359
atr,,2.5,50,2.0,15,7,8,46.67,2.0765,1.3747,1.51,3.54,-7.52,0.2359
atr,,2.5,50,2.0,15,7,8,46.67,2.0765,1.3747,1.51,3.54,-7.52,0.2359
atr,,2.5,50,2.0,15,7,8,46.67,2.0765,1.3747,1.51,3.54,-7.52,0.2359
body,2.5,,20,3.0,124,35,89,28.23,2.4524,0.9278,2.64,3.26,-13.51,0.0263
body,2.5,,20,3.0,124,35,89,28.23,2.4524,0.9278,2.64,3.26,-13.51,0.0263
body,2.5,,20,3.0,124,35,89,28.23,2.4524,0.9278,2.64,3.26,-13.51,0.0263
body,2.5,,20,3.0,124,35,89,28.23,2.4524,0.9278,2.64,3.26,-13.51,0.0263
body,1.5,,10,3.0,251,73,178,29.08,1.9603,0.7879,2.49,2.86,-19.7,0.0114
body,1.5,,10,3.0,251,73,178,29.08,1.9603,0.7879,2.49,2.86,-19.7,0.0114
body,2.5,,30,3.0,102,29,73,28.43,2.6009,0.994,2.62,2.86,-11.46,0.0281
body,1.5,,10,3.0,251,73,178,29.08,1.9603,0.7879,2.49,2.86,-19.7,0.0114
body,2.5,,30,3.0,102,29,73,28.43,2.6009,0.994,2.62,2.86,-11.46,0.0281
body,1.5,,10,3.0,251,73,178,29.08,1.9603,0.7879,2.49,2.86,-19.7,0.0114
body,2.5,,30,3.0,102,29,73,28.43,2.6009,0.994,2.62,2.86,-11.46,0.0281
body,2.5,,30,3.0,102,29,73,28.43,2.6009,0.994,2.62,2.86,-11.46,0.0281
atr,,2.5,10,3.0,19,6,13,31.58,2.9928,1.1805,2.54,2.61,-8.23,0.1374
atr,,2.5,10,3.0,19,6,13,31.58,2.9928,1.1805,2.54,2.61,-8.23,0.1374
atr,,2.5,10,3.0,19,6,13,31.58,2.9928,1.1805,2.54,2.61,-8.23,0.1374
atr,,2.5,10,3.0,19,6,13,31.58,2.9928,1.1805,2.54,2.61,-8.23,0.1374
atr,,1.5,10,2.0,91,35,56,38.46,1.6995,1.0238,1.66,2.15,-11.19,0.0236
atr,,1.5,10,2.0,91,35,56,38.46,1.6995,1.0238,1.66,2.15,-11.19,0.0236
atr,,1.5,10,2.0,91,35,56,38.46,1.6995,1.0238,1.66,2.15,-11.19,0.0236
atr,,1.5,10,2.0,91,35,56,38.46,1.6995,1.0238,1.66,2.15,-11.19,0.0236
atr,,2.0,20,2.0,42,16,26,38.1,1.9927,1.145,1.74,2.11,-8.84,0.0503
atr,,2.0,20,2.0,42,16,26,38.1,1.9927,1.145,1.74,2.11,-8.84,0.0503
atr,,2.0,20,2.0,42,16,26,38.1,1.9927,1.145,1.74,2.11,-8.84,0.0503
atr,,2.0,20,2.0,42,16,26,38.1,1.9927,1.145,1.74,2.11,-8.84,0.0503
engulfing,,,10,3.0,74,21,53,28.38,1.7274,0.6458,2.67,2.05,-12.45,0.0277
engulfing,,,10,3.0,74,21,53,28.38,1.7274,0.6458,2.67,2.05,-12.45,0.0277
engulfing,,,10,3.0,74,21,53,28.38,1.7274,0.6458,2.67,2.05,-12.45,0.0277
atr,,2.5,10,2.0,19,8,11,42.11,1.9082,1.2017,1.59,2.05,-8.34,0.1077
engulfing,,,10,3.0,74,21,53,28.38,1.7274,0.6458,2.67,2.05,-12.45,0.0277
atr,,2.5,10,2.0,19,8,11,42.11,1.9082,1.2017,1.59,2.05,-8.34,0.1077
engulfing,,,10,3.0,74,21,53,28.38,1.7274,0.6458,2.67,2.05,-12.45,0.0277
engulfing,,,10,3.0,74,21,53,28.38,1.7274,0.6458,2.67,2.05,-12.45,0.0277
engulfing,,,10,3.0,74,21,53,28.38,1.7274,0.6458,2.67,2.05,-12.45,0.0277
engulfing,,,10,3.0,74,21,53,28.38,1.7274,0.6458,2.67,2.05,-12.45,0.0277
engulfing,,,10,3.0,74,21,53,28.38,1.7274,0.6458,2.67,2.05,-12.45,0.0277
atr,,2.5,10,2.0,19,8,11,42.11,1.9082,1.2017,1.59,2.05,-8.34,0.1077
engulfing,,,10,3.0,74,21,53,28.38,1.7274,0.6458,2.67,2.05,-12.45,0.0277
engulfing,,,10,3.0,74,21,53,28.38,1.7274,0.6458,2.67,2.05,-12.45,0.0277
engulfing,,,10,3.0,74,21,53,28.38,1.7274,0.6458,2.67,2.05,-12.45,0.0277
atr,,2.5,10,2.0,19,8,11,42.11,1.9082,1.2017,1.59,2.05,-8.34,0.1077
engulfing,,,10,3.0,74,21,53,28.38,1.7274,0.6458,2.67,2.05,-12.45,0.0277
engulfing,,,10,3.0,74,21,53,28.38,1.7274,0.6458,2.67,2.05,-12.45,0.0277
engulfing,,,10,3.0,74,21,53,28.38,1.7274,0.6458,2.67,2.05,-12.45,0.0277
engulfing,,,10,3.0,74,21,53,28.38,1.7274,0.6458,2.67,2.05,-12.45,0.0277
atr,,2.0,30,2.0,39,15,24,38.46,2.042,1.1921,1.71,2.02,-8.84,0.0518
atr,,2.0,30,2.0,39,15,24,38.46,2.042,1.1921,1.71,2.02,-8.84,0.0518
atr,,2.0,30,2.0,39,15,24,38.46,2.042,1.1921,1.71,2.02,-8.84,0.0518
atr,,2.0,30,2.0,39,15,24,38.46,2.042,1.1921,1.71,2.02,-8.84,0.0518
atr,,2.5,30,3.0,17,5,12,29.41,3.3603,1.242,2.71,1.9,-8.23,0.1116
atr,,2.5,30,3.0,17,5,12,29.41,3.3603,1.242,2.71,1.9,-8.23,0.1116
atr,,2.5,30,3.0,17,5,12,29.41,3.3603,1.242,2.71,1.9,-8.23,0.1116
atr,,2.5,30,3.0,17,5,12,29.41,3.3603,1.242,2.71,1.9,-8.23,0.1116
body,2.0,,30,3.0,127,37,90,29.13,2.3172,0.933,2.48,1.77,-15.17,0.0139
body,2.0,,30,3.0,127,37,90,29.13,2.3172,0.933,2.48,1.77,-15.17,0.0139
body,2.0,,30,3.0,127,37,90,29.13,2.3172,0.933,2.48,1.77,-15.17,0.0139
body,2.0,,30,3.0,127,37,90,29.13,2.3172,0.933,2.48,1.77,-15.17,0.0139
atr,,2.5,30,2.0,17,7,10,41.18,2.0765,1.2777,1.63,1.76,-8.34,0.1034
atr,,2.5,30,2.0,17,7,10,41.18,2.0765,1.2777,1.63,1.76,-8.34,0.1034
atr,,2.5,30,2.0,17,7,10,41.18,2.0765,1.2777,1.63,1.76,-8.34,0.1034
atr,,2.5,30,2.0,17,7,10,41.18,2.0765,1.2777,1.63,1.76,-8.34,0.1034
atr,,1.5,20,2.0,84,32,52,38.1,1.7164,1.0267,1.67,1.54,-10.42,0.0183
atr,,1.5,20,2.0,84,32,52,38.1,1.7164,1.0267,1.67,1.54,-10.42,0.0183
atr,,1.5,20,2.0,84,32,52,38.1,1.7164,1.0267,1.67,1.54,-10.42,0.0183
atr,,1.5,20,2.0,84,32,52,38.1,1.7164,1.0267,1.67,1.54,-10.42,0.0183
atr,,2.5,20,3.0,18,5,13,27.78,3.3603,1.1805,2.85,1.46,-8.23,0.0808
atr,,2.5,20,3.0,18,5,13,27.78,3.3603,1.1805,2.85,1.46,-8.23,0.0808
atr,,2.5,20,3.0,18,5,13,27.78,3.3603,1.1805,2.85,1.46,-8.23,0.0808
atr,,2.5,20,3.0,18,5,13,27.78,3.3603,1.1805,2.85,1.46,-8.23,0.0808
engulfing,,,10,2.0,74,28,46,37.84,1.0948,0.6372,1.72,1.34,-8.45,0.0181
engulfing,,,10,2.0,74,28,46,37.84,1.0948,0.6372,1.72,1.34,-8.45,0.0181
engulfing,,,10,2.0,74,28,46,37.84,1.0948,0.6372,1.72,1.34,-8.45,0.0181
engulfing,,,10,2.0,74,28,46,37.84,1.0948,0.6372,1.72,1.34,-8.45,0.0181
engulfing,,,10,2.0,74,28,46,37.84,1.0948,0.6372,1.72,1.34,-8.45,0.0181
engulfing,,,10,2.0,74,28,46,37.84,1.0948,0.6372,1.72,1.34,-8.45,0.0181
engulfing,,,10,2.0,74,28,46,37.84,1.0948,0.6372,1.72,1.34,-8.45,0.0181
engulfing,,,10,2.0,74,28,46,37.84,1.0948,0.6372,1.72,1.34,-8.45,0.0181
engulfing,,,10,2.0,74,28,46,37.84,1.0948,0.6372,1.72,1.34,-8.45,0.0181
engulfing,,,10,2.0,74,28,46,37.84,1.0948,0.6372,1.72,1.34,-8.45,0.0181
engulfing,,,10,2.0,74,28,46,37.84,1.0948,0.6372,1.72,1.34,-8.45,0.0181
engulfing,,,10,2.0,74,28,46,37.84,1.0948,0.6372,1.72,1.34,-8.45,0.0181
engulfing,,,10,2.0,74,28,46,37.84,1.0948,0.6372,1.72,1.34,-8.45,0.0181
engulfing,,,10,2.0,74,28,46,37.84,1.0948,0.6372,1.72,1.34,-8.45,0.0181
engulfing,,,10,2.0,74,28,46,37.84,1.0948,0.6372,1.72,1.34,-8.45,0.0181
engulfing,,,10,2.0,74,28,46,37.84,1.0948,0.6372,1.72,1.34,-8.45,0.0181
atr,,2.5,20,2.0,18,7,11,38.89,2.0765,1.2017,1.73,1.32,-8.34,0.0731
atr,,2.5,20,2.0,18,7,11,38.89,2.0765,1.2017,1.73,1.32,-8.34,0.0731
atr,,2.5,20,2.0,18,7,11,38.89,2.0765,1.2017,1.73,1.32,-8.34,0.0731
atr,,2.5,20,2.0,18,7,11,38.89,2.0765,1.2017,1.73,1.32,-8.34,0.0731
body,2.5,,10,3.0,139,39,100,28.06,2.3965,0.9236,2.59,1.1,-16.83,0.0079
body,2.5,,10,3.0,139,39,100,28.06,2.3965,0.9236,2.59,1.1,-16.83,0.0079
body,2.5,,10,3.0,139,39,100,28.06,2.3965,0.9236,2.59,1.1,-16.83,0.0079
body,2.5,,10,3.0,139,39,100,28.06,2.3965,0.9236,2.59,1.1,-16.83,0.0079
atr,,1.0,30,3.0,128,37,91,28.91,2.2787,0.9149,2.49,1.05,-14.29,0.0082
atr,,1.0,30,3.0,128,37,91,28.91,2.2787,0.9149,2.49,1.05,-14.29,0.0082
atr,,1.0,30,3.0,128,37,91,28.91,2.2787,0.9149,2.49,1.05,-14.29,0.0082
atr,,1.0,30,3.0,128,37,91,28.91,2.2787,0.9149,2.49,1.05,-14.29,0.0082
engulfing,,,20,2.0,52,19,33,36.54,1.1953,0.6703,1.78,0.59,-5.87,0.0114
engulfing,,,20,2.0,52,19,33,36.54,1.1953,0.6703,1.78,0.59,-5.87,0.0114
engulfing,,,20,2.0,52,19,33,36.54,1.1953,0.6703,1.78,0.59,-5.87,0.0114
engulfing,,,20,2.0,52,19,33,36.54,1.1953,0.6703,1.78,0.59,-5.87,0.0114
engulfing,,,20,2.0,52,19,33,36.54,1.1953,0.6703,1.78,0.59,-5.87,0.0114
engulfing,,,20,2.0,52,19,33,36.54,1.1953,0.6703,1.78,0.59,-5.87,0.0114
engulfing,,,20,2.0,52,19,33,36.54,1.1953,0.6703,1.78,0.59,-5.87,0.0114
engulfing,,,20,2.0,52,19,33,36.54,1.1953,0.6703,1.78,0.59,-5.87,0.0114
engulfing,,,20,2.0,52,19,33,36.54,1.1953,0.6703,1.78,0.59,-5.87,0.0114
engulfing,,,20,2.0,52,19,33,36.54,1.1953,0.6703,1.78,0.59,-5.87,0.0114
engulfing,,,20,2.0,52,19,33,36.54,1.1953,0.6703,1.78,0.59,-5.87,0.0114
engulfing,,,20,2.0,52,19,33,36.54,1.1953,0.6703,1.78,0.59,-5.87,0.0114
engulfing,,,20,2.0,52,19,33,36.54,1.1953,0.6703,1.78,0.59,-5.87,0.0114
engulfing,,,20,2.0,52,19,33,36.54,1.1953,0.6703,1.78,0.59,-5.87,0.0114
engulfing,,,20,2.0,52,19,33,36.54,1.1953,0.6703,1.78,0.59,-5.87,0.0114
engulfing,,,20,2.0,52,19,33,36.54,1.1953,0.6703,1.78,0.59,-5.87,0.0114
atr,,1.0,10,3.0,182,53,129,29.12,2.0671,0.8505,2.43,-0.16,-20.11,-0.0009
atr,,1.0,10,3.0,182,53,129,29.12,2.0671,0.8505,2.43,-0.16,-20.11,-0.0009
atr,,1.0,10,3.0,182,53,129,29.12,2.0671,0.8505,2.43,-0.16,-20.11,-0.0009
atr,,1.0,10,3.0,182,53,129,29.12,2.0671,0.8505,2.43,-0.16,-20.11,-0.0009
engulfing,,,20,3.0,52,14,38,26.92,1.8421,0.6858,2.69,-0.27,-9.78,-0.0052
engulfing,,,20,3.0,52,14,38,26.92,1.8421,0.6858,2.69,-0.27,-9.78,-0.0052
engulfing,,,20,3.0,52,14,38,26.92,1.8421,0.6858,2.69,-0.27,-9.78,-0.0052
engulfing,,,20,3.0,52,14,38,26.92,1.8421,0.6858,2.69,-0.27,-9.78,-0.0052
engulfing,,,20,3.0,52,14,38,26.92,1.8421,0.6858,2.69,-0.27,-9.78,-0.0052
engulfing,,,20,3.0,52,14,38,26.92,1.8421,0.6858,2.69,-0.27,-9.78,-0.0052
engulfing,,,20,3.0,52,14,38,26.92,1.8421,0.6858,2.69,-0.27,-9.78,-0.0052
engulfing,,,20,3.0,52,14,38,26.92,1.8421,0.6858,2.69,-0.27,-9.78,-0.0052
engulfing,,,20,3.0,52,14,38,26.92,1.8421,0.6858,2.69,-0.27,-9.78,-0.0052
engulfing,,,20,3.0,52,14,38,26.92,1.8421,0.6858,2.69,-0.27,-9.78,-0.0052
engulfing,,,20,3.0,52,14,38,26.92,1.8421,0.6858,2.69,-0.27,-9.78,-0.0052
engulfing,,,20,3.0,52,14,38,26.92,1.8421,0.6858,2.69,-0.27,-9.78,-0.0052
engulfing,,,20,3.0,52,14,38,26.92,1.8421,0.6858,2.69,-0.27,-9.78,-0.0052
engulfing,,,20,3.0,52,14,38,26.92,1.8421,0.6858,2.69,-0.27,-9.78,-0.0052
engulfing,,,20,3.0,52,14,38,26.92,1.8421,0.6858,2.69,-0.27,-9.78,-0.0052
engulfing,,,20,3.0,52,14,38,26.92,1.8421,0.6858,2.69,-0.27,-9.78,-0.0052
body,3.0,,30,2.0,77,28,49,36.36,1.841,1.0593,1.74,-0.35,-9.75,-0.0046
body,3.0,,30,2.0,77,28,49,36.36,1.841,1.0593,1.74,-0.35,-9.75,-0.0046
body,3.0,,30,2.0,77,28,49,36.36,1.841,1.0593,1.74,-0.35,-9.75,-0.0046
body,3.0,,30,2.0,77,28,49,36.36,1.841,1.0593,1.74,-0.35,-9.75,-0.0046
atr,,1.0,20,3.0,156,44,112,28.21,2.1628,0.8557,2.53,-0.67,-16.35,-0.0043
atr,,1.0,20,3.0,156,44,112,28.21,2.1628,0.8557,2.53,-0.67,-16.35,-0.0043
atr,,1.0,20,3.0,156,44,112,28.21,2.1628,0.8557,2.53,-0.67,-16.35,-0.0043
atr,,1.0,20,3.0,156,44,112,28.21,2.1628,0.8557,2.53,-0.67,-16.35,-0.0043
body,1.5,,50,2.0,96,35,61,36.46,1.6451,0.9576,1.72,-0.83,-13.48,-0.0087
body,1.5,,50,2.0,96,35,61,36.46,1.6451,0.9576,1.72,-0.83,-13.48,-0.0087
body,1.5,,50,2.0,96,35,61,36.46,1.6451,0.9576,1.72,-0.83,-13.48,-0.0087
body,1.5,,50,2.0,96,35,61,36.46,1.6451,0.9576,1.72,-0.83,-13.48,-0.0087
body,1.5,,30,2.0,151,59,92,39.07,1.3653,0.8959,1.52,-1.87,-11.75,-0.0124
body,1.5,,30,2.0,151,59,92,39.07,1.3653,0.8959,1.52,-1.87,-11.75,-0.0124
body,1.5,,30,2.0,151,59,92,39.07,1.3653,0.8959,1.52,-1.87,-11.75,-0.0124
body,1.5,,30,2.0,151,59,92,39.07,1.3653,0.8959,1.52,-1.87,-11.75,-0.0124
body,1.5,,20,2.0,201,77,124,38.31,1.2954,0.8237,1.57,-2.4,-12.64,-0.0119
body,1.5,,20,2.0,201,77,124,38.31,1.2954,0.8237,1.57,-2.4,-12.64,-0.0119
body,1.5,,20,2.0,201,77,124,38.31,1.2954,0.8237,1.57,-2.4,-12.64,-0.0119
body,1.5,,20,2.0,201,77,124,38.31,1.2954,0.8237,1.57,-2.4,-12.64,-0.0119
body,3.0,,20,2.0,89,31,58,34.83,1.7533,0.9928,1.77,-3.23,-11.94,-0.0363
body,3.0,,20,2.0,89,31,58,34.83,1.7533,0.9928,1.77,-3.23,-11.94,-0.0363
body,3.0,,20,2.0,89,31,58,34.83,1.7533,0.9928,1.77,-3.23,-11.94,-0.0363
body,3.0,,20,2.0,89,31,58,34.83,1.7533,0.9928,1.77,-3.23,-11.94,-0.0363
atr,,1.0,50,2.0,91,32,59,35.16,1.6804,0.9674,1.74,-3.3,-13.48,-0.0363
atr,,1.0,50,2.0,91,32,59,35.16,1.6804,0.9674,1.74,-3.3,-13.48,-0.0363
atr,,1.0,50,2.0,91,32,59,35.16,1.6804,0.9674,1.74,-3.3,-13.48,-0.0363
atr,,1.0,50,2.0,91,32,59,35.16,1.6804,0.9674,1.74,-3.3,-13.48,-0.0363
body,2.5,,50,2.0,80,27,53,33.75,1.828,1.0122,1.81,-4.29,-13.19,-0.0536
body,2.5,,50,2.0,80,27,53,33.75,1.828,1.0122,1.81,-4.29,-13.19,-0.0536
body,2.5,,50,2.0,80,27,53,33.75,1.828,1.0122,1.81,-4.29,-13.19,-0.0536
body,2.5,,50,2.0,80,27,53,33.75,1.828,1.0122,1.81,-4.29,-13.19,-0.0536
body,2.0,,50,2.0,88,30,58,34.09,1.7304,0.984,1.76,-5.16,-13.19,-0.0586
body,2.0,,50,2.0,88,30,58,34.09,1.7304,0.984,1.76,-5.16,-13.19,-0.0586
body,2.0,,50,2.0,88,30,58,34.09,1.7304,0.984,1.76,-5.16,-13.19,-0.0586
body,2.0,,50,2.0,88,30,58,34.09,1.7304,0.984,1.76,-5.16,-13.19,-0.0586
body,3.0,,10,2.0,98,33,65,33.67,1.7612,0.9795,1.8,-5.55,-15.01,-0.0566
body,3.0,,10,2.0,98,33,65,33.67,1.7612,0.9795,1.8,-5.55,-15.01,-0.0566
body,3.0,,10,2.0,98,33,65,33.67,1.7612,0.9795,1.8,-5.55,-15.01,-0.0566
body,3.0,,10,2.0,98,33,65,33.67,1.7612,0.9795,1.8,-5.55,-15.01,-0.0566
body,1.5,,10,2.0,251,95,156,37.85,1.2265,0.7966,1.54,-7.75,-16.91,-0.0309
body,1.5,,10,2.0,251,95,156,37.85,1.2265,0.7966,1.54,-7.75,-16.91,-0.0309
body,1.5,,10,2.0,251,95,156,37.85,1.2265,0.7966,1.54,-7.75,-16.91,-0.0309
body,1.5,,10,2.0,251,95,156,37.85,1.2265,0.7966,1.54,-7.75,-16.91,-0.0309
atr,,1.0,30,2.0,128,47,81,36.72,1.4199,0.9316,1.52,-8.72,-12.48,-0.0681
atr,,1.0,30,2.0,128,47,81,36.72,1.4199,0.9316,1.52,-8.72,-12.48,-0.0681
atr,,1.0,30,2.0,128,47,81,36.72,1.4199,0.9316,1.52,-8.72,-12.48,-0.0681
atr,,1.0,30,2.0,128,47,81,36.72,1.4199,0.9316,1.52,-8.72,-12.48,-0.0681
body,2.0,,20,2.0,161,58,103,36.02,1.3835,0.8859,1.56,-11.01,-14.6,-0.0684
body,2.0,,20,2.0,161,58,103,36.02,1.3835,0.8859,1.56,-11.01,-14.6,-0.0684
body,2.0,,20,2.0,161,58,103,36.02,1.3835,0.8859,1.56,-11.01,-14.6,-0.0684
body,2.0,,20,2.0,161,58,103,36.02,1.3835,0.8859,1.56,-11.01,-14.6,-0.0684
body,2.0,,30,2.0,127,45,82,35.43,1.4695,0.9427,1.56,-11.18,-12.66,-0.088
body,2.0,,30,2.0,127,45,82,35.43,1.4695,0.9427,1.56,-11.18,-12.66,-0.088
body,2.0,,30,2.0,127,45,82,35.43,1.4695,0.9427,1.56,-11.18,-12.66,-0.088
body,2.0,,30,2.0,127,45,82,35.43,1.4695,0.9427,1.56,-11.18,-12.66,-0.088
body,2.5,,30,2.0,102,33,69,32.35,1.6888,0.9933,1.7,-12.81,-15.3,-0.1256
body,2.5,,30,2.0,102,33,69,32.35,1.6888,0.9933,1.7,-12.81,-15.3,-0.1256
body,2.5,,30,2.0,102,33,69,32.35,1.6888,0.9933,1.7,-12.81,-15.3,-0.1256
body,2.5,,30,2.0,102,33,69,32.35,1.6888,0.9933,1.7,-12.81,-15.3,-0.1256
atr,,1.0,20,2.0,156,55,101,35.26,1.3504,0.867,1.56,-13.29,-15.77,-0.0852
atr,,1.0,20,2.0,156,55,101,35.26,1.3504,0.867,1.56,-13.29,-15.77,-0.0852
atr,,1.0,20,2.0,156,55,101,35.26,1.3504,0.867,1.56,-13.29,-15.77,-0.0852
atr,,1.0,20,2.0,156,55,101,35.26,1.3504,0.867,1.56,-13.29,-15.77,-0.0852
body,2.0,,10,2.0,186,68,118,36.56,1.3247,0.8765,1.51,-13.35,-16.52,-0.0718
body,2.0,,10,2.0,186,68,118,36.56,1.3247,0.8765,1.51,-13.35,-16.52,-0.0718
body,2.0,,10,2.0,186,68,118,36.56,1.3247,0.8765,1.51,-13.35,-16.52,-0.0718
body,2.0,,10,2.0,186,68,118,36.56,1.3247,0.8765,1.51,-13.35,-16.52,-0.0718
atr,,1.0,10,2.0,182,67,115,36.81,1.2813,0.8673,1.48,-13.89,-19.83,-0.0763
atr,,1.0,10,2.0,182,67,115,36.81,1.2813,0.8673,1.48,-13.89,-19.83,-0.0763
atr,,1.0,10,2.0,182,67,115,36.81,1.2813,0.8673,1.48,-13.89,-19.83,-0.0763
atr,,1.0,10,2.0,182,67,115,36.81,1.2813,0.8673,1.48,-13.89,-19.83,-0.0763
body,2.5,,20,2.0,124,39,85,31.45,1.6008,0.9241,1.73,-16.12,-18.09,-0.13
body,2.5,,20,2.0,124,39,85,31.45,1.6008,0.9241,1.73,-16.12,-18.09,-0.13
body,2.5,,20,2.0,124,39,85,31.45,1.6008,0.9241,1.73,-16.12,-18.09,-0.13
body,2.5,,20,2.0,124,39,85,31.45,1.6008,0.9241,1.73,-16.12,-18.09,-0.13
body,2.5,,10,2.0,139,43,96,30.94,1.5665,0.9202,1.7,-20.98,-21.52,-0.1509
body,2.5,,10,2.0,139,43,96,30.94,1.5665,0.9202,1.7,-20.98,-21.52,-0.1509
body,2.5,,10,2.0,139,43,96,30.94,1.5665,0.9202,1.7,-20.98,-21.52,-0.1509
body,2.5,,10,2.0,139,43,96,30.94,1.5665,0.9202,1.7,-20.98,-21.52,-0.1509
