timestamp,type,result,pnl_pct,pnl_pct_10x,risk_pct,fvg_atr_pct
2023-04-18 11:00:00,bullish,loss,-0.01580000000000005,-0.1580000000000005,0.18076988299134908,198.35279399499478
2023-04-22 21:00:00,bullish,win,0.006922826583782689,0.06922826583782689,0.38614132918913446,287.6005361930295
2023-04-23 02:00:00,bullish,win,0.004882413796842757,0.04882413796842757,0.2841206898421379,125.78974624546868
2023-04-25 21:00:00,bullish,win,0.012302742544583297,0.12302742544583298,0.6551371272291648,104.13803480964967
2023-04-26 14:00:00,bullish,loss,-0.015799999999999988,-0.15799999999999986,0.7800475724080034,203.6776357003349
2023-04-26 19:00:00,bullish,loss,-0.015799999999999995,-0.15799999999999995,0.7057475365739876,409.75856951532836
2023-04-27 06:00:00,bullish,win,0.030311312223494497,0.30311312223494496,1.5555656111747247,86.18440219387689
2023-04-28 00:00:00,bullish,win,0.0046109589041095885,0.04610958904109588,0.2705479452054794,192.92725030826114
2023-04-30 17:00:00,bullish,win,0.007580136074848188,0.07580136074848187,0.4190068037424094,481.96721311474715
2023-05-02 21:00:00,bullish,win,0.008784176155451304,0.08784176155451304,0.47920880777256525,268.5157053952055
2023-05-03 22:00:00,bullish,win,0.010431795923979349,0.10431795923979348,0.5615897961989674,114.35087422924126
2023-05-04 02:00:00,bullish,win,0.03331111111111116,0.3331111111111116,1.7055555555555582,118.48124428179328
2023-05-05 04:00:00,bullish,loss,-0.01579999999999996,-0.15799999999999959,0.5205216976270436,210.3955394229702
2023-05-07 19:00:00,bullish,loss,-0.015799999999999984,-0.15799999999999984,0.3174460462751935,88.77476974602459
2023-05-10 13:00:00,bullish,loss,-0.01580000000000001,-0.15800000000000008,0.6480946882217038,366.1161365625892
2023-05-14 16:00:00,bullish,win,0.0054799488080003456,0.054799488080003456,0.3139974404000173,208.13737623762353
2023-05-15 08:00:00,bullish,win,0.008992121725434203,0.08992121725434203,0.48960608627171015,211.03226521787545
2023-05-15 10:00:00,bullish,loss,-0.015799999999999967,-0.15799999999999967,0.3483975182642588,138.27084523757293
2023-05-17 21:00:00,bullish,loss,-0.015799999999999977,-0.15799999999999978,0.4856328929364446,441.73904312465373
2023-05-21 00:00:00,bullish,win,0.0016944320712693798,0.0169443207126938,0.12472160356346898,425.5999999999999
2023-05-21 04:00:00,bullish,win,0.005314085287059204,0.053140852870592045,0.3057042643529602,189.34210526315917
2023-05-22 11:00:00,bullish,win,0.0015098411984175541,0.015098411984175542,0.1154920599208777,140.81607342180405
2023-05-29 00:00:00,bullish,win,0.0054061571226264385,0.054061571226264385,0.31030785613132195,252.86075949367225
2023-06-02 06:00:00,bullish,win,0.007736997995887611,0.07736997995887611,0.42684989979438054,140.2341041641165
2023-06-03 18:00:00,bullish,win,0.003086096166159998,0.030860961661599982,0.1943048083079999,198.0016652789356
2023-06-04 11:00:00,bullish,win,0.002759717585891165,0.02759717585891165,0.17798587929455825,145.03743057232643
2023-06-08 21:00:00,bullish,win,0.004875420366521711,0.048754203665217107,0.28377101832608553,182.58892317687346
2023-06-10 23:00:00,bullish,win,0.006320626054168289,0.0632062605416829,0.3560313027084145,192.71231984366005
2023-06-11 23:00:00,bullish,win,0.0013653841228446332,0.013653841228446331,0.10826920614223165,399.782717700153
2023-06-17 11:00:00,bullish,win,0.0012243531202434203,0.012243531202434203,0.10121765601217102,205.43757807333404
2023-06-23 20:00:00,bullish,win,0.010485345258137532,0.10485345258137532,0.5642672629068767,628.3018867924518
2023-06-25 08:00:00,bullish,win,0.00393490422282835,0.0393490422282835,0.2367452111414175,190.27209027208878
2023-06-26 12:00:00,bullish,win,0.006061946219496505,0.06061946219496504,0.34309731097482526,92.34948307318076
2023-06-27 04:00:00,bullish,win,0.008293971034018235,0.08293971034018235,0.4546985517009118,86.93799973784238
2023-06-27 16:00:00,bullish,win,0.0039171205855010474,0.03917120585501047,0.2358560292750524,229.8989182479151
2023-06-29 13:00:00,bullish,win,0.004693397676378624,0.046933976763786245,0.27466988381893126,255.9760872310859
2023-06-30 08:00:00,bullish,loss,-0.015799999999999998,-0.15799999999999997,0.41147540983606556,210.1026560208577
2023-07-03 21:00:00,bullish,win,0.0021326468767310764,0.021326468767310765,0.14663234383655382,412.21255438160557
2023-07-04 00:00:00,bullish,win,0.007616859419172449,0.07616859419172449,0.42084297095862244,92.55045871559544
2023-07-06 12:00:00,bullish,win,0.0042704225352113625,0.04270422535211363,0.25352112676056815,627.7903043968458
2023-07-07 19:00:00,bullish,win,0.004817977528089839,0.048179775280898396,0.280898876404492,116.94942640168004
2023-07-11 01:00:00,bullish,win,0.005149655242845376,0.05149655242845376,0.2974827621422688,413.0369253956273
2023-07-13 15:00:00,bullish,win,0.0030732162819755017,0.030732162819755018,0.19366081409877509,146.13736969870106
2023-07-20 14:00:00,bullish,loss,-0.015800000000000033,-0.15800000000000033,0.271595124536301,105.59448865661054
2023-07-23 21:00:00,bullish,win,0.001587065714515013,0.01587065714515013,0.11935328572575064,493.2228915662659
2023-07-27 00:00:00,bullish,loss,-0.015800000000000026,-0.15800000000000025,0.35871231476749876,237.84847490980758
2023-07-31 05:00:00,bullish,win,0.006706255212677181,0.06706255212677181,0.37531276063385904,193.367964135774
2023-08-02 00:00:00,bullish,win,0.007745007608568569,0.07745007608568569,0.42725038042842844,173.7016322337611
2023-08-02 04:00:00,bullish,loss,-0.01580000000000006,-0.1580000000000006,0.26655835955685847,378.8825518598867
2023-08-08 21:00:00,bullish,loss,-0.015800000000000054,-0.15800000000000053,1.0749679768084726,278.20690565788595
2023-08-14 19:00:00,bullish,loss,-0.015800000000000026,-0.15800000000000025,0.15874256850234963,270.4279813691876
2023-08-19 18:00:00,bullish,win,0.004002004046632567,0.040020040466325665,0.24010020233162835,306.8004793289395
2023-08-23 05:00:00,bullish,win,0.01792955678531294,0.1792955678531294,0.9364778392656469,88.10776678593952
2023-08-23 18:00:00,bullish,win,0.014710247979596337,0.14710247979596336,0.7755123989798168,452.1607974293371
2023-08-29 18:00:00,bullish,win,0.005045235672067573,0.05045235672067573,0.2922617836033787,2006.2413314840328
2023-09-03 23:00:00,bullish,win,0.005705382567426729,0.05705382567426729,0.3252691283713365,159.1027067111593
2023-09-06 22:00:00,bullish,win,0.0110389651982618,0.110389651982618,0.5919482599130901,156.52173913043532
2023-09-07 19:00:00,bullish,loss,-0.015800000000000078,-0.15800000000000078,0.5273758105638063,253.16272332207112
2023-09-11 01:00:00,bullish,loss,-0.015800000000000067,-0.15800000000000067,0.3754542880525608,164.43550095318932
2023-09-12 16:00:00,bullish,win,0.00737361785050095,0.07373617850500949,0.4086808925250475,151.0083843190566
2023-09-13 15:00:00,bullish,win,0.017116052031648062,0.17116052031648063,0.895802601582403,73.71737173717297
2023-09-14 07:00:00,bullish,win,0.002521461900317942,0.025214619003179423,0.1660730950158971,159.1533929740342
2023-09-14 16:00:00,bullish,win,0.004407522820867936,0.04407522820867936,0.2603761410433968,282.89445048966326
2023-09-16 01:00:00,bullish,win,0.002711712661506768,0.02711712661506768,0.1755856330753384,352.38398370360875
2023-09-18 14:00:00,bullish,win,0.00511977579785839,0.0511977579785839,0.2959887898929195,663.1736526946112
2023-09-19 13:00:00,bullish,win,0.004198137802606967,0.041981378026069674,0.2499068901303484,271.2658227848079
2023-09-25 22:00:00,bullish,win,0.002868126275247025,0.028681262752470252,0.18340631376235125,160.110393107159
2023-09-27 15:00:00,bullish,win,0.0009519538093569567,0.009519538093569568,0.08759769046784784,736.1128658664957
2023-10-02 00:00:00,bullish,win,0.0051463940315004675,0.051463940315004675,0.2973197015750234,1065.5646392956596
2023-10-04 12:00:00,bullish,win,0.0019501887563238458,0.01950188756323846,0.1375094378161923,133.26481671805416
2023-10-05 19:00:00,bullish,win,0.0031546333680295235,0.03154633368029523,0.19773166840147618,229.94801768949733
2023-10-06 20:00:00,bullish,loss,-0.019483440692865353,-0.19483440692865353,1.8683440692865354,130.94304182089286
2023-10-11 13:00:00,bullish,loss,-0.01579999999999995,-0.1579999999999995,0.43603097552255266,122.46706732228685
2023-10-14 01:00:00,bullish,win,0.0032091980110794762,0.03209198011079476,0.2004599005539738,216.6821130676531
2023-10-16 03:00:00,bullish,win,0.002369209175193104,0.02369209175193104,0.1584604587596552,206.33914421553268
2023-10-18 06:00:00,bullish,win,0.00857714014785678,0.0857714014785678,0.468857007392839,142.12634565634593
2023-10-19 19:00:00,bullish,win,0.0021987323859586796,0.021987323859586797,0.14993661929793398,172.41697416973943
2023-10-20 15:00:00,bullish,win,0.011231803682316951,0.11231803682316951,0.6015901841158476,211.21639103527832
2023-10-21 15:00:00,bullish,win,0.003493983039439984,0.03493983039439984,0.21469915197199918,103.6125756688159
2023-10-22 00:00:00,bullish,win,0.005371540781261054,0.05371540781261054,0.3085770390630527,194.38208460049694
2023-10-23 21:00:00,bullish,win,0.006314006514658028,0.06314006514658027,0.3557003257329014,156.5098197833805
2023-10-24 07:00:00,bullish,win,0.031388011304477166,0.31388011304477165,1.6094005652238583,135.5325970787315
2023-10-25 19:00:00,bullish,win,0.01564479248238058,0.15644792482380582,0.822239624119029,112.2701422849691
2023-10-29 15:00:00,bullish,win,0.0021821102677748393,0.021821102677748394,0.14910551338874195,137.07719695743697
2023-10-29 17:00:00,bullish,win,0.0058763848396501455,0.05876384839650146,0.3338192419825073,144.54398590101235
2023-10-29 23:00:00,bullish,loss,-0.015800000000000047,-0.15800000000000047,0.5034745819078782,89.42146071680519
2023-10-30 15:00:00,bullish,win,0.008358927479693901,0.083589274796939,0.45794637398469507,151.20043370508125
2023-10-31 14:00:00,bullish,win,0.011312922002328203,0.11312922002328203,0.6056461001164102,90.0764040927573
2023-11-01 18:00:00,bullish,win,0.005831499623210333,0.05831499623210333,0.33157498116051665,250.44805841354304
2023-11-02 03:00:00,bullish,win,0.008770838312146216,0.08770838312146216,0.47854191560731085,278.18480043739737
2023-11-05 03:00:00,bullish,win,0.0032699011266959593,0.03269901126695959,0.20349505633479795,309.61695191523717
2023-11-05 10:00:00,bullish,win,0.001468103512141358,0.01468103512141358,0.1134051756070679,141.5981077745755
2023-11-06 12:00:00,bullish,win,0.011926857664650153,0.11926857664650153,0.6363428832325077,83.25938566552809
2023-11-09 01:00:00,bullish,win,0.006584257822856869,0.06584257822856869,0.36921289114284345,108.63126533473404
2023-11-09 07:00:00,bullish,win,0.028151590594744286,0.28151590594744286,1.4475795297372143,200.45591550366072
2023-11-09 18:00:00,bullish,win,0.012998655252430647,0.12998655252430646,0.6899327626215324,231.18163723682076
2023-11-10 13:00:00,bullish,loss,-0.015800000000000047,-0.15800000000000047,0.9282494161099423,143.171545415411
2023-11-15 17:00:00,bullish,win,0.008928978457261988,0.08928978457261988,0.4864489228630994,147.08027824779091
2023-11-16 00:00:00,bullish,loss,-0.015799999999999953,-0.15799999999999953,0.5467767510525453,621.8628982947182
2023-11-18 00:00:00,bullish,win,0.012073913487522426,0.12073913487522425,0.6436956743761213,110.16694445203461
2023-11-18 21:00:00,bullish,win,0.0021645541250317714,0.021645541250317715,0.14822770625158857,167.00417668649493
2023-11-20 00:00:00,bullish,win,0.003926158413626101,0.03926158413626101,0.23630792068130507,288.03346186523913
2023-11-20 06:00:00,bullish,win,0.001958516447181889,0.01958516447181889,0.13792582235909445,210.09637448370881
2023-11-24 20:00:00,bullish,loss,-0.015800000000000085,-0.15800000000000086,0.7003317360855142,112.34951058968122
2023-11-27 02:00:00,bullish,win,0.004038787463093014,0.04038787463093014,0.24193937315465072,198.51249070306625
2023-11-28 03:00:00,bullish,win,0.013491574016105162,0.13491574016105162,0.7145787008052581,70.53592570180744
2023-11-28 22:00:00,bullish,win,0.004145260347129428,0.04145260347129428,0.2472630173564714,473.46186688238765
2023-11-30 08:00:00,bullish,win,0.008097295412397789,0.08097295412397788,0.44486477061988944,87.55463059313378
2023-12-03 19:00:00,bullish,win,0.006564898871743955,0.06564898871743956,0.3682449435871978,108.29111577906446
2023-12-04 00:00:00,bullish,win,0.015662970863553092,0.1566297086355309,0.8231485431776545,139.15158757255054
2023-12-08 17:00:00,bullish,loss,-0.015799999999999998,-0.15799999999999997,0.3732256203115917,226.70642568820762
2023-12-13 17:00:00,bullish,win,0.011628617788520035,0.11628617788520035,0.6214308894260018,65.33377710155817
2023-12-14 00:00:00,bullish,win,0.01605207100591716,0.1605207100591716,0.842603550295858,254.0347144998308
2023-12-14 15:00:00,bullish,loss,-0.01580000000000004,-0.1580000000000004,0.5929524429361688,83.45195729537438
2023-12-14 23:00:00,bullish,loss,-0.015799999999999946,-0.15799999999999947,0.5963642153373645,127.96037820801422
2023-12-19 06:00:00,bullish,loss,-0.015799999999999998,-0.15799999999999997,0.5146198830409356,145.07683749391518
2023-12-25 19:00:00,bullish,win,0.00285993137628656,0.028599313762865602,0.182996568814328,181.128444379646
2023-12-27 14:00:00,bullish,win,0.005627909051425688,0.05627909051425688,0.32139545257128443,247.01812191103681
2023-12-30 14:00:00,bullish,win,0.027243937713836007,0.2724393771383601,1.4021968856918003,116.40028344224918
2024-01-01 13:00:00,bullish,win,0.007088784165881313,0.07088784165881312,0.39443920829406565,113.03566918305941
2024-01-02 00:00:00,bullish,loss,-0.015800000000000047,-0.15800000000000047,0.32448384457411344,454.485352786958
2024-01-02 05:00:00,bullish,win,0.011472820559596768,0.11472820559596768,0.6136410279798384,548.9611963235528
2024-01-04 21:00:00,bullish,loss,-0.015800000000000026,-0.15800000000000025,0.34258228872559393,178.18588821124416
2024-01-06 19:00:00,bullish,win,0.005627722410167255,0.05627722410167255,0.3213861205083628,112.31394662644949
2024-01-07 16:00:00,bullish,loss,-0.015800000000000012,-0.1580000000000001,0.5400631772018614,111.51329709319285
2024-01-09 00:00:00,bullish,win,0.009419172016825454,0.09419172016825454,0.5109586008412728,402.7283121113871
2024-01-11 00:00:00,bullish,loss,-0.01580000000000008,-0.1580000000000008,0.9356029720696281,145.08327599859717
2024-01-11 17:00:00,bullish,win,0.00529224662380796,0.0529224662380796,0.304612331190398,174.92227271174235
2024-01-14 11:00:00,bullish,loss,-0.015799999999999998,-0.15799999999999997,0.5241459854014633,88.75174072667559
2024-01-18 20:00:00,bullish,loss,-0.015800000000000057,-0.15800000000000058,0.25992460776296994,108.27419354838432
2024-01-23 21:00:00,bullish,win,0.015111155465141643,0.15111155465141643,0.7955577732570822,108.14091882885046
2024-01-24 02:00:00,bullish,win,0.02780226659471121,0.2780226659471121,1.4301133297355604,129.8139004937346
2024-01-26 23:00:00,bullish,win,0.008126209679358551,0.08126209679358551,0.44631048396792755,105.92153803992699
2024-01-28 00:00:00,bullish,win,0.004481757402101172,0.04481757402101172,0.26408787010505863,171.78486435031192
2024-01-28 06:00:00,bullish,win,0.009193576235389285,0.09193576235389285,0.49967881176946427,402.2290545734102
2024-01-29 19:00:00,bullish,win,0.019327478753541214,0.19327478753541213,1.0063739376770606,337.7526178394396
2024-01-31 20:00:00,bullish,win,0.0038447601299785726,0.03844760129978573,0.23223800649892862,380.05263735058577
2024-02-04 16:00:00,bullish,win,0.0014461049225186519,0.014461049225186519,0.1123052461259326,203.40075419952348
2024-02-05 10:00:00,bullish,win,0.0028552922940133225,0.028552922940133226,0.18276461470066613,232.87779879202145
2024-02-06 20:00:00,bullish,win,0.004483245862118143,0.04483245862118143,0.26416229310590716,162.76411146269055
2024-02-08 19:00:00,bullish,win,0.00844153880087253,0.0844153880087253,0.46207694004362654,244.44741771474395
2024-02-09 17:00:00,bullish,win,0.009797834225399905,0.09797834225399905,0.5298917112699952,214.05905589140346
2024-02-11 06:00:00,bullish,win,0.012786202725166057,0.12786202725166057,0.6793101362583029,216.72672103167184
2024-02-12 04:00:00,bullish,win,0.014069811636650938,0.1406981163665094,0.7434905818325469,84.97447118891299
2024-02-15 02:00:00,bullish,win,0.008439885052581152,0.08439885052581153,0.46199425262905763,124.96745783366102
2024-02-18 00:00:00,bullish,win,0.0023530728751520232,0.023530728751520232,0.15765364375760116,290.53075834067823
2024-02-18 14:00:00,bullish,win,0.006529334928572067,0.06529334928572067,0.3664667464286034,96.44198104773706
2024-02-19 02:00:00,bullish,loss,-0.01580000000000006,-0.1580000000000006,0.2419241444533661,155.69176882662174
2024-02-20 15:00:00,bullish,loss,-0.01580000000000007,-0.1580000000000007,0.4099526977656368,120.13523666416329
2024-02-22 04:00:00,bullish,win,0.005909677419354781,0.059096774193547814,0.3354838709677391,149.9580555432916
2024-02-24 22:00:00,bullish,win,0.002075101077772209,0.02075101077772209,0.14375505388861046,266.87813363348437
2024-02-28 17:00:00,bullish,win,0.0190560136938025,0.190560136938025,0.9928006846901251,283.7960611703631
2024-02-28 23:00:00,bullish,loss,-0.015800000000000022,-0.15800000000000022,0.7119441903465991,146.35700142525113
2024-03-03 18:00:00,bullish,loss,-0.01580000000000006,-0.1580000000000006,0.2459750275550165,204.80840323279833
2024-03-03 22:00:00,bullish,loss,-0.015799999999999963,-0.15799999999999964,0.5576544270720822,123.21933326140963
2024-03-04 03:00:00,bullish,win,0.00327784455879511,0.0327784455879511,0.20389222793975548,201.08680409479786
2024-03-04 13:00:00,bullish,win,0.010366508003971011,0.10366508003971012,0.5583254001985506,272.78341844397715
2024-03-04 20:00:00,bullish,loss,-0.01579999999999999,-0.15799999999999992,0.8860054930515723,152.06494426905383
2024-03-05 19:00:00,bullish,win,0.0065616774832975835,0.06561677483297583,0.3680838741648792,176.57692735565672
2024-03-07 10:00:00,bullish,win,0.019825497828341188,0.19825497828341188,1.0312748914170593,65.55520941873999
2024-03-08 12:00:00,bullish,win,0.00965558604317449,0.09655586043174491,0.5227793021587246,71.62593325250371
2024-03-08 20:00:00,bullish,win,0.009303153551429499,0.093031535514295,0.505157677571475,158.46167416424203
2024-03-10 06:00:00,bullish,win,0.0032205670839062597,0.032205670839062596,0.20102835419531298,223.6820762368189
2024-03-10 10:00:00,bullish,win,0.010938576390943288,0.10938576390943289,0.5869288195471645,68.29435198084154
2024-03-11 12:00:00,bullish,win,0.007344492885545921,0.07344492885545921,0.40722464427729604,524.1347611120801
2024-03-13 13:00:00,bullish,win,0.0010480044042261456,0.010480044042261456,0.09240022021130728,157.42660236867852
2024-03-15 23:00:00,bullish,win,0.023123695421434408,0.2312369542143441,1.1961847710717204,116.19962016134835
2024-03-17 19:00:00,bullish,loss,-0.015799999999999998,-0.15799999999999997,1.4192307692307606,106.93142461325289
2024-03-19 21:00:00,bullish,loss,-0.016340863993191703,-0.16340863993191704,1.5540863993191703,97.04207660377584
2024-03-24 17:00:00,bullish,win,0.011029553980187193,0.11029553980187193,0.5914776990093596,75.74702639976792
2024-03-28 13:00:00,bullish,win,0.006097201976016771,0.06097201976016771,0.34486009880083857,110.82144800617621
2024-03-29 17:00:00,bullish,loss,-0.015799999999999925,-0.15799999999999925,0.4442777313453271,104.25676330844595
2024-03-31 07:00:00,bullish,win,0.005015718188221704,0.05015718188221704,0.2907859094110852,114.7668563207103
2024-03-31 10:00:00,bullish,win,0.006132083241959158,0.06132083241959158,0.3466041620979579,80.61299228125898
2024-03-31 22:00:00,bullish,win,0.007506474413344724,0.07506474413344724,0.4153237206672362,162.08755787376475
2024-04-04 09:00:00,bullish,win,0.02347636876917074,0.23476368769170738,1.2138184384585369,258.93227692888263
2024-04-04 23:00:00,bullish,win,0.004143996554541523,0.041439965545415236,0.2471998277270762,218.96546577918423
2024-04-07 05:00:00,bullish,win,0.003241265912666823,0.03241265912666823,0.20206329563334113,212.13306246826292
2024-04-08 12:00:00,bullish,loss,-0.015800000000000116,-0.15800000000000117,0.18322709805093854,607.3597734546701
2024-04-15 03:00:00,bullish,loss,-0.015799999999999963,-0.15799999999999964,1.250566253172578,149.47543252595023
2024-04-17 03:00:00,bullish,loss,-0.015800000000000067,-0.15800000000000067,0.6166772352568167,106.4692471332076
2024-04-18 12:00:00,bullish,win,0.03132351727694683,0.3132351727694683,1.6061758638473416,70.19627696861129
2024-04-18 20:00:00,bullish,win,0.015028795139415003,0.15028795139415002,0.7914397569707502,169.54425049242738
2024-04-22 07:00:00,bullish,loss,-0.016344917439520757,-0.16344917439520756,1.5544917439520756,147.09943485566095
2024-04-25 22:00:00,bullish,loss,-0.01579999999999996,-0.15799999999999959,0.7581216127314307,169.4779646695364
2024-04-29 21:00:00,bullish,win,0.021465824400204232,0.2146582440020423,1.1132912200102116,66.0073878014013
2024-04-30 04:00:00,bullish,win,0.004552474212102532,0.045524742121025315,0.2676237106051266,154.09031461697847
2024-05-01 23:00:00,bullish,win,0.021169918325889645,0.21169918325889645,1.098495916294482,184.2342854975148
2024-05-04 14:00:00,bullish,win,0.013117752708991152,0.1311775270899115,0.6958876354495577,197.5735466843529
2024-05-06 09:00:00,bullish,loss,-0.01579999999999999,-0.15799999999999992,1.0168628856684914,173.89489592141283
2024-05-09 21:00:00,bullish,win,0.01047257889098233,0.10472578890982329,0.5636289445491165,148.19901843469862
2024-05-13 12:00:00,bullish,win,0.009547613082993291,0.0954761308299329,0.5173806541496646,539.9197448297183
2024-05-15 16:00:00,bullish,win,0.003178149100257163,0.03178149100257163,0.19890745501285814,157.72994129158513
2024-05-17 21:00:00,bullish,win,0.014423344468816556,0.14423344468816557,0.7611672234408279,179.42116660364994
2024-05-20 07:00:00,bullish,win,0.001714972226745817,0.01714972226745817,0.12574861133729084,195.56038165764647
2024-05-20 22:00:00,bullish,win,0.0026526556825704367,0.026526556825704366,0.17263278412852184,696.6452339126423
2024-05-25 13:00:00,bullish,win,0.0037407270973628024,0.037407270973628025,0.2270363548681401,201.9318388919251
2024-05-27 07:00:00,bullish,win,0.001162339411823107,0.01162339411823107,0.09811697059115534,201.49930637071614
2024-05-27 16:00:00,bullish,loss,-0.01580000000000001,-0.15800000000000008,0.7188370993610828,444.9692571751307
2024-05-28 14:00:00,bullish,win,0.011237227327441942,0.11237227327441943,0.6018613663720971,89.87393679643431
2024-05-30 19:00:00,bullish,win,0.007956626527237795,0.07956626527237795,0.43783132636188976,133.71371868022777
2024-05-30 22:00:00,bullish,loss,-0.015800000000000064,-0.15800000000000064,0.689996645849634,120.91449790729318
2024-06-02 17:00:00,bullish,win,0.006075396345510222,0.06075396345510222,0.34376981727551115,297.6029228301575
2024-06-03 10:00:00,bullish,win,0.011171299093655758,0.11171299093655758,0.5985649546827879,73.42495239672026
2024-06-03 17:00:00,bullish,win,0.007227627285844314,0.07227627285844314,0.4013813642922157,164.90504698093363
2024-06-05 20:00:00,bullish,loss,-0.015800000000000064,-0.15800000000000064,0.6340497046670485,98.50977084212205
2024-06-07 14:00:00,bullish,win,0.005859606419222129,0.05859606419222129,0.33298032096110647,122.46387248547495
2024-06-09 18:00:00,bullish,win,0.00017096469808607843,0.0017096469808607843,0.048548234904303926,290.5780609922634
2024-06-10 20:00:00,bullish,win,0.0036051406726469123,0.03605140672646912,0.2202570336323456,255.5078683834003
2024-06-12 16:00:00,bullish,win,0.0034786924079118794,0.03478692407911879,0.21393462039559397,158.77767228024337
2024-06-12 19:00:00,bullish,win,0.005912909191951652,0.05912909191951651,0.33564545959758263,459.71135454704034
2024-06-16 15:00:00,bullish,win,0.002006647322606348,0.020066473226063482,0.1403323661303174,252.64877003164727
2024-06-17 23:00:00,bullish,win,0.010664029970206435,0.10664029970206435,0.5732014985103218,329.70359250078343
2024-06-19 03:00:00,bullish,win,0.008981122279480502,0.08981122279480502,0.48905611397402515,107.99387973093937
2024-06-20 16:00:00,bullish,loss,-0.01579999999999996,-0.15799999999999959,0.33964669459115354,104.09617097061601
2024-06-23 06:00:00,bullish,win,0.0012837544901799182,0.012837544901799182,0.10418772450899591,184.21377546520355
2024-06-25 18:00:00,bullish,win,0.013398657569634962,0.1339865756963496,0.7099328784817481,71.48637351613476
2024-06-27 18:00:00,bullish,loss,-0.015799999999999998,-0.15799999999999997,0.6403252032520372,172.2757598220907
2024-06-28 08:00:00,bullish,win,0.004713150858087365,0.04713150858087365,0.2756575429043683,106.923475109999
2024-06-30 12:00:00,bullish,win,0.0034856650251967546,0.03485665025196755,0.21428325125983771,421.1861660262037
2024-07-05 16:00:00,bullish,win,0.012859651307825116,0.12859651307825115,0.6829825653912558,111.73390437188418
2024-07-06 19:00:00,bullish,win,0.001359420162220818,0.013594201622208181,0.10797100811104089,361.9417649160428
2024-07-08 13:00:00,bullish,win,0.007753868363076056,0.07753868363076055,0.4276934181538028,344.877643145641
2024-07-10 08:00:00,bullish,loss,-0.015799999999999967,-0.15799999999999967,0.9568586358559974,260.6352068930984
2024-07-12 17:00:00,bullish,win,0.012158729604746633,0.12158729604746633,0.6479364802373316,122.3050105953922
2024-07-14 09:00:00,bullish,win,0.015396200045138095,0.15396200045138095,0.8098100022569048,105.79749740451372
2024-07-16 05:00:00,bullish,win,0.007286955157865109,0.07286955157865109,0.4043477578932555,186.98248810608305
2024-07-16 20:00:00,bullish,win,0.026200277005723863,0.26200277005723865,1.3500138502861874,90.7515492957751
2024-07-17 04:00:00,bullish,loss,-0.01580000000000001,-0.15800000000000008,1.0506684676664262,70.26062787152088
2024-07-21 00:00:00,bullish,win,0.005865671641791131,0.05865671641791131,0.33328358208955655,192.7054596779406
2024-07-21 21:00:00,bullish,win,0.005268573989691665,0.05268573989691665,0.3034286994845833,118.21706462739773
2024-07-22 01:00:00,bullish,loss,-0.01702715956042411,-0.1702715956042411,1.6227159560424111,106.94279409268428
2024-07-23 02:00:00,bullish,win,0.0059853135657488,0.059853135657488,0.33926567828744003,114.68334730037024
2024-07-26 20:00:00,bullish,win,0.001954735071962656,0.019547350719626558,0.13773675359813278,131.17184949004198
2024-07-27 00:00:00,bullish,win,0.008547217192730841,0.08547217192730841,0.46736085963654206,75.5148166750369
2024-07-27 18:00:00,bullish,win,0.0026991779569375076,0.026991779569375075,0.17495889784687538,351.04989957482064
2024-07-28 21:00:00,bullish,win,0.010598005349063657,0.10598005349063658,0.5699002674531829,60.459342023588505
2024-07-29 06:00:00,bullish,win,0.006613161365967879,0.06613161365967879,0.37065806829839393,157.47160348133912
2024-08-02 02:00:00,bullish,win,0.014157591774113019,0.14157591774113018,0.747879588705651,357.88543660727345
2024-08-09 01:00:00,bullish,win,0.017204769408937448,0.17204769408937448,0.9002384704468723,341.0620467205578
2024-08-10 23:00:00,bullish,win,0.007370779500927028,0.07370779500927029,0.40853897504635145,89.63771321830625
2024-08-12 16:00:00,bullish,loss,-0.015799999999999998,-0.15799999999999997,1.2415254237288136,120.47429148721187
2024-08-13 23:00:00,bullish,win,0.007736985787325713,0.07736985787325713,0.4268492893662857,298.45980854872795
2024-08-15 18:00:00,bullish,loss,-0.015799999999999984,-0.15799999999999984,0.32129063130191066,209.9698785210669
2024-08-16 22:00:00,bullish,win,0.015060441799706744,0.15060441799706745,0.7930220899853372,208.57266811279723
2024-08-17 18:00:00,bullish,win,0.007392852326365475,0.07392852326365475,0.40964261631827376,76.08144030932876
2024-08-18 04:00:00,bullish,win,0.005737365381220256,0.057373653812202566,0.32686826906101285,74.25248661055944
2024-08-18 09:00:00,bullish,loss,-0.015800000000000067,-0.15800000000000067,0.4287399938320366,180.18419663283936
2024-08-20 05:00:00,bullish,win,0.008703947312872088,0.08703947312872087,0.4751973656436044,263.9629341746302
2024-08-21 19:00:00,bullish,win,0.004149596164062875,0.04149596164062874,0.24747980820314375,128.0627640313827
2024-08-21 22:00:00,bullish,win,0.026137000247540114,0.26137000247540115,1.3468500123770055,302.09238564030136
2024-08-25 23:00:00,bullish,win,0.007362439707484143,0.07362439707484142,0.40812198537420713,88.08264046359399
2024-08-28 12:00:00,bullish,loss,-0.018590073775989268,-0.1859007377598927,1.779007377598927,75.93339690456948
2024-08-29 16:00:00,bullish,win,0.0021326152787914357,0.021326152787914356,0.14663076393957178,292.50239965871583
2024-09-02 14:00:00,bullish,loss,-0.015799999999999977,-0.15799999999999978,0.5815792339054645,130.191246388333
2024-09-04 21:00:00,bullish,win,0.006406558603579178,0.06406558603579178,0.3603279301789589,380.3833397116984
2024-09-06 19:00:00,bullish,win,0.00837657980334376,0.0837657980334376,0.45882899016718803,147.74474358524387
2024-09-09 22:00:00,bullish,win,0.03217987075795565,0.3217987075795565,1.6489935378977825,319.76461733210044
2024-09-10 23:00:00,bullish,win,0.020895904080529926,0.20895904080529926,1.0847952040264963,190.0027424810303
2024-09-13 19:00:00,bullish,win,0.015072308172455402,0.150723081724554,0.7936154086227701,476.09317319190757
2024-09-15 16:00:00,bullish,loss,-0.01579999999999997,-0.1579999999999997,0.366579148526037,90.01523616048586
2024-09-17 21:00:00,bullish,win,0.014962929844525298,0.149629298445253,0.788146492226265,457.84840604834847
2024-09-18 21:00:00,bullish,win,0.023477398968900765,0.23477398968900764,1.2138699484450381,116.30269172168634
2024-09-20 08:00:00,bullish,win,0.007137742696482945,0.07137742696482945,0.3968871348241473,170.6009447035515
2024-09-21 18:00:00,bullish,win,0.003590163497930125,0.03590163497930125,0.21950817489650626,90.06381664722437
2024-09-22 23:00:00,bullish,win,0.004322242573863276,0.04322242573863276,0.2561121286931638,107.70565453137179
2024-09-23 05:00:00,bullish,win,0.016577567140600317,0.1657756714060032,0.8688783570300158,184.53596040447985
2024-09-23 07:00:00,bullish,loss,-0.015799999999999995,-0.15799999999999995,0.6310657599917533,73.80026877447419
2024-09-24 12:00:00,bullish,win,0.0012786364651774787,0.012786364651774787,0.10393182325887393,193.49683108294192
2024-09-24 22:00:00,bullish,win,0.011711373260166488,0.11711373260166488,0.6255686630083244,64.25382105444015
2024-09-25 02:00:00,bullish,loss,-0.015800000000000067,-0.15800000000000067,0.25385639339127486,111.91154942599604
2024-10-04 17:00:00,bullish,win,0.008866152221590448,0.08866152221590448,0.4833076110795224,102.93398533007417
2024-10-06 18:00:00,bullish,win,0.0012144135317020345,0.012144135317020344,0.10072067658510173,380.20274299344055
2024-10-07 03:00:00,bullish,loss,-0.01580000000000001,-0.15800000000000008,1.0908253456477417,327.29719123170855
2024-10-14 20:00:00,bullish,win,0.004217890270953723,0.04217890270953723,0.25089451354768616,175.19722754423495
2024-10-16 14:00:00,bullish,win,0.008989218185412574,0.08989218185412574,0.48946090927062874,129.00564481111454
2024-10-18 19:00:00,bullish,win,0.01007039617992495,0.10070396179924951,0.5435198089962475,195.8901307347532
2024-10-20 20:00:00,bullish,loss,-0.015800000000000116,-0.15800000000000117,0.26250133369969214,144.85705565165017
2024-10-24 05:00:00,bullish,win,0.007272596370181666,0.07272596370181666,0.4036298185090833,155.05475927967575
2024-10-24 13:00:00,bullish,win,0.017617658656625616,0.17617658656625618,0.9208829328312808,105.702073319971
2024-10-28 16:00:00,bullish,win,0.0072140216215271225,0.07214021621527122,0.40070108107635616,95.54321966693009
2024-10-29 07:00:00,bullish,win,0.0046981798686198195,0.046981798686198194,0.274908993430991,221.12972931988546
2024-10-29 20:00:00,bullish,loss,-0.015800000000000074,-0.15800000000000075,0.5555944104852318,282.84943938447486
2024-11-01 14:00:00,bullish,loss,-0.015800000000000067,-0.15800000000000067,0.690888646018888,294.48112248356045
2024-11-04 02:00:00,bullish,win,0.012007266998782611,0.12007266998782612,0.6403633499391306,162.08026875846278
2024-11-05 21:00:00,bullish,win,0.0034322977402603248,0.03432297740260325,0.21161488701301623,290.8981514139292
2024-11-06 20:00:00,bullish,win,0.0298706719553591,0.29870671955359096,1.533533597767955,109.90857514544861
2024-11-09 00:00:00,bullish,win,0.015282182723805217,0.15282182723805218,0.8041091361902609,78.8692557539594
2024-11-13 20:00:00,bullish,win,0.008117642944570992,0.08117642944570992,0.44588214722854963,508.663713340436
2024-11-15 15:00:00,bullish,win,0.016296664782363048,0.1629666478236305,0.8548332391181523,186.18996377745154
2024-11-16 02:00:00,bullish,win,0.008687007118594202,0.08687007118594202,0.47435035592971014,195.52118959107898
2024-11-18 04:00:00,bullish,win,0.023228454865784395,0.23228454865784395,1.2014227432892197,85.95885302520782
2024-11-18 12:00:00,bullish,win,0.005566164606107332,0.05566164606107332,0.31830823030536665,229.3972400424621
2024-11-18 21:00:00,bullish,win,0.023411536552271774,0.23411536552271772,1.2105768276135886,226.15859938208106
2024-11-19 21:00:00,bullish,win,0.03601972331377509,0.3601972331377509,1.8409861656887547,120.158195213745
2024-11-24 06:00:00,bullish,loss,-0.015800000000000005,-0.15800000000000006,0.37705106911004366,86.75870367660367
2024-11-25 03:00:00,bullish,win,0.003524796569974529,0.03524796569974529,0.21623982849872644,222.48511792630637
2024-11-29 07:00:00,bullish,win,0.010798341845097965,0.10798341845097965,0.5799170922548983,122.89532130017231
2024-11-29 15:00:00,bullish,win,0.01554352073931439,0.1554352073931439,0.8171760369657196,158.55667551326184
2024-11-29 20:00:00,bullish,loss,-0.01580000000000004,-0.1580000000000004,0.5935347654968902,90.79782468802473
2024-12-01 13:00:00,bullish,win,0.003304250446249168,0.033042504462491684,0.2052125223124584,136.92371695472795
2024-12-02 04:00:00,bullish,loss,-0.015799999999999963,-0.15799999999999964,0.11153589554072293,135.11079511790317
2024-12-02 20:00:00,bullish,win,0.00854436531210737,0.08544365312107369,0.4672182656053685,228.83127323887084
2024-12-03 20:00:00,bullish,win,0.026036260724562086,0.2603626072456209,1.3418130362281042,129.49575010341135
2024-12-04 23:00:00,bullish,loss,-0.017103835153796983,-0.17103835153796984,1.6303835153796984,412.34944697380405
2024-12-05 08:00:00,bullish,win,0.012020564679232954,0.12020564679232953,0.6410282339616478,452.7477502971299
2024-12-06 19:00:00,bullish,win,0.01459664804469262,0.1459664804469262,0.769832402234631,125.10994903685389
2024-12-06 23:00:00,bullish,loss,-0.015799999999999995,-0.15799999999999995,0.5194173928500886,263.8092856868096
2024-12-09 04:00:00,bullish,win,0.006572291755204,0.06572291755204,0.3686145877602,163.3543241994704
2024-12-12 01:00:00,bullish,loss,-0.01579999999999996,-0.15799999999999959,1.19187929473708,72.44212540563886
2024-12-12 17:00:00,bullish,win,0.014678271876458456,0.14678271876458457,0.7739135938229228,111.03172578038803
2024-12-15 13:00:00,bullish,win,0.014754002779382772,0.14754002779382772,0.7777001389691386,89.9573129633776
2024-12-16 04:00:00,bullish,win,0.009826710904324834,0.09826710904324834,0.5313355452162417,443.8223594371566
2024-12-16 19:00:00,bullish,loss,-0.015799999999999953,-0.15799999999999953,1.155361267443713,251.2971184114944
2024-12-24 01:00:00,bullish,win,0.029131212400043353,0.29131212400043355,1.4965606200021675,108.04575659908353
2024-12-24 20:00:00,bullish,win,0.001386806690102731,0.01386806690102731,0.10934033450513654,766.9653967495813
2024-12-31 12:00:00,bullish,win,0.007152800452598399,0.07152800452598398,0.39764002262991993,315.6360035211268
2025-01-01 14:00:00,bullish,win,0.009387086689399355,0.09387086689399354,0.5093543344699678,132.90263737934268
2025-01-02 00:00:00,bullish,win,0.0077715797830112555,0.07771579783011255,0.4285789891505628,105.38052878675488
2025-01-05 02:00:00,bullish,win,0.0027492222697899377,0.027492222697899377,0.1774611134894969,147.94655667144713
2025-01-06 01:00:00,bullish,win,0.006209476869848157,0.06209476869848157,0.3504738434924079,169.06480403570328
2025-01-06 07:00:00,bullish,win,0.01270090943485559,0.1270090943485559,0.6750454717427795,154.886536025397
2025-01-06 20:00:00,bullish,loss,-0.01579999999999997,-0.1579999999999997,0.5619983948635605,443.50200218420247
2025-01-10 03:00:00,bullish,loss,-0.015841915345798797,-0.15841915345798796,1.50419153457988,171.96554019556598
2025-01-12 03:00:00,bullish,win,0.0011618447703581163,0.011618447703581163,0.09809223851790581,204.34054293737947
2025-01-12 12:00:00,bullish,win,0.015167954171929126,0.15167954171929127,0.7983977085964563,138.43516648664146
2025-01-16 01:00:00,bullish,loss,-0.015799999999999963,-0.15799999999999964,0.6924586967272639,75.38649852395125
2025-01-16 21:00:00,bullish,win,0.03538065575551964,0.35380655755519635,1.809032787775982,60.03248677480917
2025-01-17 04:00:00,bullish,win,0.015486314684522178,0.1548631468452218,0.8143157342261089,115.47448508579174
2025-01-17 21:00:00,bullish,win,0.009372600035747698,0.09372600035747698,0.5086300017873849,279.977383560676
2025-01-18 01:00:00,bullish,win,0.021791753468511584,0.21791753468511585,1.1295876734255792,67.71345778017326
2025-01-19 08:00:00,bullish,win,0.007498540819177094,0.07498540819177094,0.4149270409588547,129.54551582201753
2025-01-20 02:00:00,bullish,loss,-0.015800000000000015,-0.15800000000000014,0.23567520328292976,122.96661438494294
2025-01-20 11:00:00,bullish,win,0.0055698630136986295,0.055698630136986296,0.3184931506849315,347.0924363521865
2025-01-21 15:00:00,bullish,win,0.008614129978626487,0.08614129978626486,0.4707064989313244,143.0851411971426
2025-01-21 21:00:00,bullish,loss,-0.02005686873589052,-0.2005686873589052,1.9256868735890522,144.65686722054778
2025-01-27 18:00:00,bullish,win,0.020171830985915552,0.2017183098591555,1.0485915492957776,104.15530467137258
2025-01-29 23:00:00,bullish,loss,-0.01580000000000002,-0.1580000000000002,0.5341446659693142,319.90007644424827
2025-02-04 00:00:00,bullish,win,0.00926999505085499,0.0926999505085499,0.5034997525427495,206.9166496628001
2025-02-07 18:00:00,bullish,win,0.003920369420215495,0.03920369420215495,0.23601847101077478,343.88109183335183
2025-02-09 10:00:00,bullish,loss,-0.015800000000000005,-0.15800000000000006,0.34548153034300494,68.74083223963446
2025-02-10 05:00:00,bullish,loss,-0.015799999999999998,-0.15799999999999997,1.2244029075804836,69.75805387720602
2025-02-10 09:00:00,bullish,loss,-0.015800000000000078,-0.15800000000000078,1.2999677693941412,105.695629976624
2025-02-11 10:00:00,bullish,loss,-0.015800000000000036,-0.15800000000000036,0.5182831704288026,61.02779444111087
2025-02-12 20:00:00,bullish,loss,-0.018174371482137543,-0.18174371482137544,1.7374371482137545,120.38163585380883
2025-02-18 02:00:00,bullish,win,0.008322928696175286,0.08322928696175286,0.4561464348087643,128.36330754546444
2025-02-20 22:00:00,bullish,loss,-0.015799999999999998,-0.15799999999999997,1.1525510204081633,102.95426070851464
2025-02-24 05:00:00,bullish,win,-0.00029652581924220203,-0.0029652581924220203,0.025173709037889902,174.7019662486424
2025-03-01 08:00:00,bullish,win,0.017436543072099447,0.17436543072099447,0.9118271536049722,142.2271427253443
2025-03-02 01:00:00,bullish,win,0.003378379056080102,0.03378379056080102,0.20891895280400508,122.30685263796042
2025-03-02 20:00:00,bullish,loss,-0.015800000000000012,-0.1580000000000001,1.1381000909875747,1687.0234537716187
2025-03-03 16:00:00,bullish,loss,-0.015799999999999998,-0.15799999999999997,0.9847319978343196,118.91802405510728
2025-03-05 10:00:00,bullish,win,0.022794763801934986,0.22794763801934986,1.1797381900967492,125.27468652901142
2025-03-06 08:00:00,bullish,loss,-0.01579999999999994,-0.1579999999999994,0.8303001727359224,91.11844670288308
2025-03-12 01:00:00,bullish,win,0.009774667063216681,0.09774667063216681,0.528733353160834,141.15020208043464
2025-03-12 14:00:00,bullish,loss,-0.01579999999999998,-0.1579999999999998,0.6955452159301818,88.79808577213264
2025-03-12 17:00:00,bullish,win,0.009510372867287148,0.09510372867287148,0.5155186433643574,162.91332279715195
2025-03-14 14:00:00,bullish,win,0.0030512895855724434,0.030512895855724434,0.19256447927862216,219.50821868858114
2025-03-14 22:00:00,bullish,win,0.0007724926281931327,0.007724926281931326,0.07862463140965663,212.5585415887164
2025-03-15 18:00:00,bullish,loss,-0.01579999999999994,-0.1579999999999994,0.096841859506646,128.25395547324482
2025-03-18 00:00:00,bullish,loss,-0.015799999999999998,-0.15799999999999997,0.5271317829457364,95.09750602128804
2025-03-19 20:00:00,bullish,win,0.0038436233611442885,0.03843623361144288,0.23218116805721442,191.0842710161407
2025-03-20 00:00:00,bullish,win,0.013324840187387728,0.13324840187387726,0.7062420093693864,161.1246408936462
2025-03-20 03:00:00,bullish,loss,-0.015799999999999946,-0.15799999999999947,0.6830562927783244,126.87113111986577
2025-03-23 06:00:00,bullish,win,0.004676289641221058,0.04676289641221058,0.2738144820610529,87.27513433533541
2025-03-24 08:00:00,bullish,loss,-0.01580000000000005,-0.1580000000000005,1.264028242932622,103.86733067074543
2025-03-30 06:00:00,bullish,win,0.002199540490765491,0.02199540490765491,0.14997702453827455,143.52110868728187
2025-03-31 14:00:00,bullish,win,0.01979394483078836,0.1979394483078836,1.0296972415394179,76.01259813343975
2025-04-01 15:00:00,bullish,win,0.0027852330521151896,0.027852330521151894,0.17926165260575946,153.86374296435346
2025-04-01 18:00:00,bullish,win,0.020628875830425306,0.20628875830425306,1.0714437915212653,177.40577517595105
2025-04-02 13:00:00,bullish,win,0.010868647309577305,0.10868647309577305,0.5834323654788652,90.2177131547369
2025-04-04 03:00:00,bullish,win,0.0079348336713751,0.079348336713751,0.43674168356875503,124.17291574768406
2025-04-04 14:00:00,bullish,loss,-0.01580000000000003,-0.1580000000000003,0.2543535670775071,246.88143491925746
2025-04-04 22:00:00,bullish,loss,-0.01580000000000008,-0.1580000000000008,1.1452745149471346,103.43881972248128
2025-04-07 19:00:00,bullish,win,0.017715694267450142,0.17715694267450144,0.925784713372507,124.87801668841352
2025-04-09 09:00:00,bullish,win,0.03913527398199515,0.3913527398199515,1.9967636990997577,108.90889883797004
2025-04-11 22:00:00,bullish,win,0.023836331167891172,0.23836331167891173,1.2318165583945586,115.32580166609524
2025-04-12 16:00:00,bullish,win,0.01362876037662398,0.1362876037662398,0.7214380188311991,229.87607758620862
2025-04-13 23:00:00,bullish,win,0.00452578807028204,0.0452578807028204,0.266289403514102,117.97137303410634
2025-04-16 20:00:00,bullish,win,0.01210757643393785,0.1210757643393785,0.6453788216968925,151.68389228714085
2025-04-17 21:00:00,bullish,win,0.015250985483299893,0.15250985483299892,0.8025492741649947,81.02562345848027
2025-04-21 21:00:00,bullish,win,0.012096594257520861,0.12096594257520861,0.6448297128760431,100.34526315789488
2025-04-23 03:00:00,bullish,win,0.012782528147859013,0.12782528147859012,0.6791264073929506,198.9400260613422
2025-04-24 13:00:00,bullish,win,0.01824599875740136,0.1824599875740136,0.952299937870068,77.72222222222453
2025-04-25 18:00:00,bullish,win,0.006678525583029152,0.06678525583029152,0.3739262791514576,127.03231989333202
2025-04-27 04:00:00,bullish,win,0.005701338635587931,0.057013386355879304,0.32506693177939655,133.39124391938654
2025-04-27 22:00:00,bullish,loss,-0.01580000000000009,-0.1580000000000009,0.3256823821340012,87.42952074103624
2025-04-28 06:00:00,bullish,loss,-0.01580000000000006,-0.1580000000000006,1.479114546270183,252.83750182828908
2025-05-02 21:00:00,bullish,loss,-0.015800000000000047,-0.15800000000000047,0.5268365736902598,113.00286118101373
2025-05-05 11:00:00,bullish,win,0.0047081279897134495,0.047081279897134495,0.27540639948567247,99.60856550771379
2025-05-10 12:00:00,bullish,win,0.00032231705165942394,0.0032231705165942396,0.0561158525829712,180.63396493713714
2025-05-11 06:00:00,bullish,win,0.004330156283863566,0.04330156283863566,0.2565078141931783,259.3987257258405
2025-05-11 15:00:00,bullish,win,0.008856243137768623,0.08856243137768623,0.48281215688843115,134.43084455324356
2025-05-13 13:00:00,bullish,win,0.004471659910750069,0.04471659910750069,0.2635829955375035,126.36804983053895
2025-05-13 22:00:00,bullish,loss,-0.015799999999999984,-0.15799999999999984,0.5322077799346469,166.47959474073457
2025-05-15 17:00:00,bullish,win,0.008051912435723731,0.0805191243572373,0.44259562178618655,63.547218077170484
2025-05-15 21:00:00,bullish,win,0.01510090015562199,0.1510090015562199,0.7950450077810995,183.78294813326207
2025-05-18 14:00:00,bullish,win,0.003484209023084553,0.03484209023084553,0.21421045115422765,85.52722424588937
2025-05-18 16:00:00,bullish,win,0.004909832500689577,0.04909832500689577,0.28549162503447884,635.6124680525877
2025-05-19 01:00:00,bullish,loss,-0.020079302423985947,-0.20079302423985948,1.927930242398595,87.73069679849485
2025-05-21 00:00:00,bullish,win,0.005165439889565244,0.051654398895652445,0.29827199447826225,116.14951581981067
2025-05-21 02:00:00,bullish,win,0.020580039030039812,0.20580039030039812,1.0690019515019906,90.75236824257654
2025-05-21 15:00:00,bullish,loss,-0.016252534536567775,-0.16252534536567775,1.5452534536567775,149.99390512625845
2025-05-24 17:00:00,bullish,loss,-0.015799999999999946,-0.15799999999999947,0.2424689763343663,120.69128255837474
2025-05-26 04:00:00,bullish,win,0.007692120220980543,0.07692120220980543,0.4246060110490272,235.52714287625025
2025-05-29 06:00:00,bullish,win,0.001040911036904007,0.01040911036904007,0.09204555184520034,140.20969256936894
2025-05-29 15:00:00,bullish,win,0.0018763248965818053,0.018763248965818054,0.13381624482909027,133.28380760513852
2025-05-31 15:00:00,bullish,win,0.00765957187746223,0.0765957187746223,0.42297859387311154,135.9889273356418
2025-06-01 20:00:00,bullish,win,0.0035593444083726294,0.03559344408372629,0.21796722041863148,228.67860187553077
2025-06-02 04:00:00,bullish,win,0.006097206916207486,0.06097206916207486,0.3448603458103743,77.66966966967018
2025-06-03 02:00:00,bullish,win,0.0066613608100904356,0.06661360810090436,0.3730680405045218,296.78706068345133
2025-06-03 14:00:00,bullish,loss,-0.015799999999999988,-0.15799999999999986,0.3598012887583231,229.8920972424854
2025-06-05 18:00:00,bullish,win,0.0038120833532020964,0.03812083353202096,0.23060416766010483,214.11460683375
2025-06-07 15:00:00,bullish,win,0.01038340441295195,0.10383404412951949,0.5591702206475975,71.50031268358305
2025-06-08 15:00:00,bullish,win,0.007151626813757547,0.07151626813757547,0.39758134068787737,62.31888516319386
2025-06-09 20:00:00,bullish,loss,-0.015799999999999956,-0.15799999999999956,0.8727416951464543,451.69535224025844
2025-06-15 03:00:00,bullish,win,0.007364858919541707,0.07364858919541707,0.4082429459770854,107.48020068831244
2025-06-15 09:00:00,bullish,win,0.0043064264860138745,0.04306426486013874,0.25532132430069376,100.24022085977388
2025-06-15 19:00:00,bullish,win,0.002957538859610738,0.02957538859610738,0.1878769429805369,160.93811315528137
2025-06-20 10:00:00,bullish,loss,-0.015799999999999943,-0.15799999999999942,0.5162275677739623,286.36929534379226
2025-06-23 05:00:00,bullish,win,0.0090168130489335,0.090168130489335,0.490840652446675,136.04814050520432
2025-06-24 23:00:00,bullish,win,0.008485072155192917,0.08485072155192917,0.46425360775964586,89.03251179863749
2025-06-25 17:00:00,bullish,win,0.005935857877512802,0.05935857877512802,0.3367928938756401,204.91498194658737
2025-06-27 22:00:00,bullish,win,0.00931117245322036,0.0931117245322036,0.505558622661018,82.50027954825228
2025-06-29 09:00:00,bullish,win,0.004261976162727811,0.04261976162727811,0.2530988081363906,529.8575033397723
2025-06-30 03:00:00,bullish,win,0.004227400634932331,0.04227400634932331,0.25137003174661654,324.0603728913896
2025-07-02 19:00:00,bullish,win,0.007583363532368418,0.07583363532368417,0.4191681766184209,387.84694860344877
2025-07-05 02:00:00,bullish,win,0.006648679046509568,0.06648679046509567,0.37243395232547843,91.26593305007805
2025-07-06 15:00:00,bullish,win,0.005811212616597749,0.05811212616597749,0.33056063082988746,492.514970059883
2025-07-07 02:00:00,bullish,win,0.007556072664216743,0.07556072664216743,0.41780363321083713,96.40501541994313
2025-07-13 16:00:00,bullish,win,0.0038670746613275035,0.038670746613275034,0.23335373306637516,234.48260208366884
2025-07-14 08:00:00,bullish,loss,-0.015799999999999998,-0.15799999999999997,0.3511092507325192,474.6154542164302
2025-07-16 15:00:00,bullish,win,0.0011594732246185025,0.011594732246185024,0.09797366123092512,133.0151390856867
2025-07-18 00:00:00,bullish,win,0.0059573361400628855,0.059573361400628855,0.3378668070031443,96.50156931792169
2025-07-20 17:00:00,bullish,loss,-0.01579999999999999,-0.15799999999999992,0.3318067741346377,146.51162790697558
2025-07-21 09:00:00,bullish,win,0.001721060651097982,0.017210606510979817,0.12605303255489908,163.78531896300765
2025-07-21 12:00:00,bullish,win,0.004447100142558536,0.04447100142558536,0.2623550071279268,118.21893076047407
2025-07-22 12:00:00,bullish,win,0.013263498828041764,0.13263498828041764,0.7031749414020882,233.82954555159827
2025-07-24 04:00:00,bullish,loss,-0.015800000000000012,-0.1580000000000001,0.49550382413456423,91.8199166320185
2025-07-25 16:00:00,bullish,win,0.012346275164543986,0.12346275164543986,0.6573137582271993,78.62056239556348
2025-07-26 13:00:00,bullish,win,0.0030769221866996446,0.030769221866996446,0.19384610933498223,121.9810795770745
2025-07-27 19:00:00,bullish,win,0.00241708743644496,0.0241708743644496,0.160854371822248,406.99585934119614
2025-07-30 21:00:00,bullish,win,0.0026084360489640663,0.026084360489640662,0.17042180244820332,182.1103505054043
2025-08-03 06:00:00,bullish,win,0.007292707622388549,0.0729270762238855,0.4046353811194275,99.30402308606322
2025-08-03 21:00:00,bullish,win,0.004598105927744701,0.045981059277447014,0.2699052963872351,94.58174236922682
2025-08-05 14:00:00,bullish,win,0.008694348207055218,0.08694348207055218,0.4747174103527609,86.90685742107019
2025-08-08 00:00:00,bullish,win,0.007984030406522832,0.07984030406522832,0.4392015203261416,131.0869184912058
2025-08-09 14:00:00,bullish,win,0.0009206261776819735,0.009206261776819736,0.08603130888409868,231.49322818446825
2025-08-11 04:00:00,bullish,win,0.006936464976199184,0.06936464976199183,0.3868232488099592,109.59974654134797
2025-08-11 08:00:00,bullish,win,0.005848238392572402,0.058482383925724024,0.3324119196286201,516.3058165477823
2025-08-13 11:00:00,bullish,loss,-0.015800000000000054,-0.15800000000000053,0.6416602531248375,123.62573099415086
2025-08-17 07:00:00,bullish,win,0.0029334977525773756,0.029334977525773756,0.18667488762886877,281.4162256314094
2025-08-18 21:00:00,bullish,loss,-0.01580000000000006,-0.1580000000000006,0.7755341954221675,65.6185202907458
2025-08-22 18:00:00,bullish,loss,-0.01579999999999996,-0.15799999999999959,0.6657801394908928,713.1524008350748
2025-08-27 01:00:00,bullish,win,0.0032735415849778934,0.03273541584977893,0.20367707924889467,259.58323639868496
2025-08-31 04:00:00,bullish,win,0.004763722177941768,0.04763722177941768,0.2781861088970884,225.47403792303095
2025-08-31 19:00:00,bullish,win,0.004371329061045663,0.043713290610456625,0.25856645305228315,153.7372311269813
2025-09-01 12:00:00,bullish,win,0.005737240081581002,0.05737240081581002,0.3268620040790501,406.72463584145015
2025-09-02 08:00:00,bullish,win,0.0049383926096235415,0.04938392609623542,0.2869196304811771,148.13695223394257
2025-09-02 18:00:00,bullish,win,0.02973541563099598,0.29735415630995976,1.5267707815497988,135.7206326639422
2025-09-12 23:00:00,bullish,win,0.002356703700233043,0.02356703700233043,0.15783518501165214,356.64831756861423
2025-09-15 02:00:00,bullish,win,0.002141914928616472,0.02141914928616472,0.1470957464308236,181.53317051288516
2025-09-15 06:00:00,bullish,loss,-0.01580000000000003,-0.1580000000000003,0.8770168500643407,113.91372961598954
2025-09-24 21:00:00,bullish,loss,-0.015800000000000036,-0.15800000000000036,0.35112955213753316,106.5718858864484
2025-10-01 20:00:00,bullish,win,0.007352332049636335,0.07352332049636334,0.40761660248181675,113.1761264497595
2025-10-02 18:00:00,bullish,win,0.004423500199350974,0.044235001993509736,0.2611750099675487,140.95602408738458
2025-10-03 00:00:00,bullish,win,0.009125929620669875,0.09125929620669875,0.4962964810334937,85.13351445284665
2025-10-05 04:00:00,bullish,win,0.0028475239932029437,0.02847523993202944,0.18237619966014718,88.39648098988721
2025-10-06 15:00:00,bullish,loss,-0.015800000000000043,-0.15800000000000042,0.5289217271657545,160.50694533837262
2025-10-08 15:00:00,bullish,win,0.0038980956461360816,0.038980956461360815,0.23490478230680406,150.73430556553168
2025-10-08 19:00:00,bullish,loss,-0.015800000000000067,-0.15800000000000067,0.9510764891588702,88.73434540468787
2025-10-09 13:00:00,bullish,loss,-0.01580000000000007,-0.1580000000000007,0.7760924237661113,246.0080204156046
2025-10-12 07:00:00,bullish,loss,-0.01579999999999997,-0.1579999999999997,1.3146852894990904,75.1206280964277
2025-10-19 19:00:00,bullish,win,0.010192606284657986,0.10192606284657986,0.5496303142328993,191.7648070145265
2025-10-20 07:00:00,bullish,loss,-0.015800000000000074,-0.15800000000000075,0.9880015290281491,353.81349936323977
2025-10-21 16:00:00,bullish,win,0.006502566912430283,0.06502566912430283,0.36512834562151414,103.58131450765053
2025-10-21 21:00:00,bullish,win,0.00780611761939075,0.0780611761939075,0.43030588096953754,583.266401406495
2025-10-22 16:00:00,bullish,loss,-0.015799999999999953,-0.15799999999999953,0.7497659578003965,71.03967736195914
2025-10-23 11:00:00,bullish,win,0.00541755935946996,0.054175593594699596,0.310877967973498,182.2173135043964
2025-10-23 17:00:00,bullish,win,0.008860355611240392,0.08860355611240392,0.4830177805620196,237.9596705225739
2025-10-26 18:00:00,bullish,win,0.0009507422880690911,0.00950742288069091,0.08753711440345456,375.1210271521768
2025-10-27 04:00:00,bullish,loss,-0.015799999999999995,-0.15799999999999995,0.24518654080893432,229.0019286403102
2025-11-01 19:00:00,bullish,win,0.005136096676167067,0.05136096676167067,0.2968048338083534,62.419612413135575
2025-11-02 08:00:00,bullish,win,0.002070430927984885,0.02070430927984885,0.14352154639924425,191.211866778619
2025-11-05 18:00:00,bullish,loss,-0.015800000000000057,-0.15800000000000058,0.5856815524533747,179.65095635279496
2025-11-09 20:00:00,bullish,win,0.006069811505029731,0.06069811505029731,0.3434905752514866,344.9878934624713
2025-11-12 14:00:00,bullish,loss,-0.01579999999999997,-0.1579999999999997,0.5195695188456184,272.1611876988335
2025-11-13 12:00:00,bullish,loss,-0.01580000000000005,-0.1580000000000005,0.3162387319198005,136.56018503000035
2025-11-14 04:00:00,bullish,loss,-0.015800000000000015,-0.15800000000000014,0.8770715930015974,77.58712666032027
2025-11-16 14:00:00,bullish,loss,-0.01579999999999994,-0.1579999999999994,0.2544603472034911,122.9535513434678
2025-11-17 05:00:00,bullish,win,0.014036760591049432,0.14036760591049433,0.7418380295524716,137.12182194766726
2025-11-18 14:00:00,bullish,win,0.01208733229782358,0.12087332297823579,0.644366614891179,133.71465249794957
2025-11-18 19:00:00,bullish,loss,-0.015799999999999936,-0.15799999999999936,1.1839627745915007,114.1511881086947
2025-11-20 06:00:00,bullish,win,0.002818173429494056,0.028181734294940558,0.1809086714747028,212.37070268008625
2025-11-21 04:00:00,bullish,loss,-0.01580000000000006,-0.1580000000000006,0.752456420567222,92.51614165525297
2025-11-21 19:00:00,bullish,win,0.024488961849355766,0.24488961849355767,1.2644480924677883,109.62793872935931
2025-11-24 00:00:00,bullish,loss,-0.01580000000000002,-0.1580000000000002,0.9427016645326571,81.11718704062999
2025-11-24 20:00:00,bullish,win,0.006679429829644155,0.06679429829644155,0.37397149148220776,281.30147501632683
2025-11-28 19:00:00,bullish,loss,-0.015799999999999998,-0.15799999999999997,0.6707608695652237,64.99598076407725
2025-11-29 22:00:00,bullish,win,0.002645064663841763,0.026450646638417633,0.17225323319208816,103.44477960001038
2025-11-30 12:00:00,bullish,win,0.003446952245430421,0.03446952245430421,0.21234761227152105,125.24201147948177
2025-11-30 18:00:00,bullish,loss,-0.01579999999999999,-0.15799999999999992,0.45451363212727697,104.01512251148553
2025-12-03 00:00:00,bullish,win,0.012243563970412685,0.12243563970412685,0.6521781985206343,75.28349584687678
2025-12-03 07:00:00,bullish,win,0.014307087388355469,0.1430708738835547,0.7553543694177735,87.07658157602563
2025-12-07 21:00:00,bullish,win,0.027912893419170245,0.2791289341917024,1.4356446709585122,439.5532516802127
2025-12-09 02:00:00,bullish,win,0.012421828728573513,0.12421828728573514,0.6610914364286757,121.98185624563745
2025-12-09 21:00:00,bullish,loss,-0.015800000000000057,-0.15800000000000058,0.5435979423215795,638.6766702785743
2025-12-10 22:00:00,bullish,win,0.0052777332965513075,0.052777332965513075,0.3038866648275654,187.95550441120096
2025-12-12 00:00:00,bullish,win,0.009090183028286253,0.09090183028286253,0.4945091514143127,479.7600584472991
2025-12-16 15:00:00,bullish,win,0.01334232417385673,0.1334232417385673,0.7071162086928365,102.5540005039292
2025-12-17 16:00:00,bullish,loss,-0.015800000000000033,-0.15800000000000033,0.7406011235438456,535.6111645813252
2025-12-18 19:00:00,bullish,loss,-0.01580000000000007,-0.1580000000000007,0.2076737451185228,355.3723778431129
2025-12-21 14:00:00,bullish,win,0.0018583649467816,0.018583649467816002,0.13291824733908,347.8681476173451
2025-12-22 13:00:00,bullish,loss,-0.015800000000000057,-0.15800000000000058,0.1970415664411156,168.426771607296
2025-12-25 15:00:00,bullish,win,0.009962723825046618,0.09962723825046618,0.5381361912523309,186.43625873737537
2025-12-26 06:00:00,bullish,win,0.017351591734835782,0.1735159173483578,0.9075795867417891,324.16295864030735
2025-12-28 23:00:00,bullish,win,0.010320041197126791,0.1032004119712679,0.5560020598563395,1158.995458603424
2025-12-30 12:00:00,bullish,win,0.004647410307543064,0.046474103075430644,0.27237051537715323,136.35337174894948
2025-12-30 18:00:00,bullish,win,0.005437088783790573,0.05437088783790573,0.31185443918952865,242.46755449995644
2025-12-31 16:00:00,bullish,win,0.005938076446048097,0.059380764460480975,0.3369038223024049,89.26865123116647
2026-01-02 15:00:00,bullish,win,0.0035830680128142683,0.03583068012814268,0.21915340064071342,185.7931065293651
2026-01-02 23:00:00,bullish,win,0.00981547022815791,0.0981547022815791,0.5307735114078955,95.31177471762315
2026-01-05 05:00:00,bullish,win,0.0036799180614891544,0.03679918061489154,0.22399590307445771,591.7871723956256
2026-01-05 20:00:00,bullish,loss,-0.01580000000000009,-0.1580000000000009,0.5129525894447664,142.58852398208015
2026-01-08 19:00:00,bullish,win,0.010895906432748537,0.10895906432748537,0.5847953216374269,151.05641745407175
2026-01-09 22:00:00,bullish,win,0.010661963010122325,0.10661963010122325,0.5730981505061162,200.73206442166912
2026-01-11 21:00:00,bullish,win,0.0017273049009697721,0.01727304900969772,0.12636524504848862,99.46678195706103
2026-01-12 06:00:00,bullish,win,0.004244581044016679,0.04244581044016679,0.25222905220083397,563.0749703374644
2026-01-14 05:00:00,bullish,win,0.008478321053617665,0.08478321053617664,0.46391605268088326,199.49928306438764
2026-01-14 21:00:00,bullish,win,0.004436646865573886,0.04436646865573886,0.2618323432786943,465.52894277336316
2026-01-17 20:00:00,bullish,loss,-0.015800000000000085,-0.15800000000000086,0.18168284653932748,82.91915175612958
2026-01-21 19:00:00,bullish,loss,-0.01579999999999995,-0.1579999999999995,0.8048098327593817,170.07589249020535
2026-01-23 22:00:00,bullish,loss,-0.01579999999999994,-0.1579999999999994,0.7979556636790217,217.95359318334
2026-01-26 05:00:00,bullish,win,0.010176653052213002,0.10176653052213003,0.5488326526106502,126.93586450578438
2026-01-28 01:00:00,bullish,loss,-0.015799999999999946,-0.15799999999999947,1.2976407864120487,146.71902634971246
2026-01-31 01:00:00,bullish,loss,-0.015800000000000085,-0.15800000000000086,0.6500859791133666,97.48415986919127
2026-02-08 13:00:00,bullish,win,0.0051483753643886765,0.051483753643886764,0.29741876821943386,225.89491119904207
2026-02-08 17:00:00,bullish,loss,-0.015799999999999925,-0.15799999999999925,0.8556490240054294,152.6050100009532
2026-02-09 21:00:00,bullish,loss,-0.015800000000000057,-0.15800000000000058,1.0375932686353264,180.0991466237511
2026-02-12 16:00:00,bullish,win,0.005338405292220219,0.053384052922202184,0.30692026461101096,126.58983563196828
2026-02-14 12:00:00,bullish,win,0.005846628184661341,0.05846628184661341,0.3323314092330671,211.38974474076218
2026-02-14 17:00:00,bullish,loss,-0.015799999999999925,-0.15799999999999925,0.33605940293637326,210.08809463881173
2026-02-16 18:00:00,bullish,loss,-0.015800000000000116,-0.15800000000000117,0.2885689012630327,185.48933489947845
2026-02-17 02:00:00,bullish,loss,-0.015800000000000092,-0.15800000000000092,0.5697600616812497,96.5050682129788
2026-02-19 23:00:00,bullish,win,0.012850465356773352,0.12850465356773352,0.6825232678386677,81.65738038383299
2026-02-21 19:00:00,bullish,loss,-0.01580000000000005,-0.1580000000000005,0.2908024389314878,120.19035044287027
2026-02-23 12:00:00,bullish,win,0.005742555073942213,0.05742555073942213,0.32712775369711067,179.92615623785525
2026-02-25 18:00:00,bullish,win,0.00759731870810477,0.0759731870810477,0.41986593540523853,619.1809014200444
2026-02-28 19:00:00,bullish,win,0.013437278641436859,0.1343727864143686,0.711863932071843,124.60334203075503
2026-02-28 22:00:00,bullish,win,0.0277723906342312,0.277723906342312,1.42861953171156,216.93441804458266
2026-03-02 20:00:00,bullish,win,0.028032694732940566,0.28032694732940566,1.4416347366470283,471.06105749989064
2026-03-03 21:00:00,bullish,win,0.02936918545271558,0.2936918545271558,1.5084592726357788,143.2345527083613
2026-03-04 10:00:00,bullish,loss,-0.01580000000000011,-0.15800000000000108,1.0517438690903225,362.47277883755254
2026-03-08 12:00:00,bullish,loss,-0.015799999999999936,-0.15799999999999936,0.6817785293446562,228.22837342359125
2026-03-10 04:00:00,bullish,win,0.019636988604953137,0.19636988604953137,1.0218494302476568,180.41782824121597
2026-03-10 13:00:00,bullish,win,0.012019491997770193,0.12019491997770193,0.6409745998885097,100.2803757444281
2026-03-11 19:00:00,bullish,win,0.013490309240454147,0.13490309240454146,0.7145154620227073,189.1834762652495
2026-03-12 12:00:00,bullish,win,0.008108634799103308,0.08108634799103308,0.4454317399551654,142.5453159871538
2026-03-13 06:00:00,bullish,win,0.003195361510496907,0.03195361510496907,0.19976807552484535,208.05431260607824
2026-03-13 14:00:00,bullish,win,0.006258971474880871,0.06258971474880871,0.3529485737440436,151.19368770343306
2026-03-13 19:00:00,bullish,win,0.0075072381399071825,0.07507238139907182,0.41536190699535913,148.120794557554
2026-03-16 02:00:00,bullish,loss,-0.01579999999999995,-0.1579999999999995,0.7086395012246676,293.87040280209993
2026-03-24 12:00:00,bullish,loss,-0.015800000000000113,-0.15800000000000114,0.6741471360057749,111.9305725646737
2026-03-25 03:00:00,bullish,loss,-0.015800000000000092,-0.15800000000000092,0.4682153273775307,107.13013782168439
2026-03-28 16:00:00,bullish,loss,-0.015799999999999984,-0.15799999999999984,0.5178161835218716,118.43618701392118
2026-03-30 06:00:00,bullish,win,0.025166430785426134,0.25166430785426136,1.2983215392713066,215.52199696593567
2026-03-31 06:00:00,bullish,loss,-0.01579999999999999,-0.15799999999999992,0.3355173567145237,206.35273838439366
2026-04-02 18:00:00,bullish,win,0.012971232656205017,0.12971232656205017,0.6885616328102508,71.66328333795845
2026-04-04 16:00:00,bullish,win,0.0026972025363669406,0.026972025363669404,0.17486012681834703,97.49160817821848
2026-04-04 19:00:00,bullish,win,0.004013771313136207,0.04013771313136207,0.24068856565681038,105.57532621589631
2026-04-06 14:00:00,bullish,win,0.01014634703525618,0.1014634703525618,0.547317351762809,93.11814758911275
2026-04-09 21:00:00,bullish,win,0.01475804823331472,0.1475804823331472,0.777902411665736,204.35306103547225
2026-04-10 14:00:00,bullish,win,0.018425332202431602,0.18425332202431602,0.96126661012158,138.9536737891544
2026-04-14 04:00:00,bullish,win,0.006027604353416017,0.06027604353416017,0.34138021767080085,220.77574901644206
2026-04-14 17:00:00,bullish,loss,-0.009608882412315512,-0.09608882412315513,0.6546835206117649,148.53343020960014
